match_id,B365H,B365D,B365A,BWH,BWD,BWA,IWH,IWD,IWA,LBH,LBD,LBA,PSH,PSD,PSA,WHH,WHD,WHA,SJH,SJD,SJA,VCH,VCD,VCA,GBH,GBD,GBA,BSH,BSD,BSA
1,1.73,3.4,5,1.75,3.35,4.2,1.85,3.2,3.5,1.8,3.3,3.75,,,,1.7,3.3,4.33,1.9,3.3,4,1.65,3.4,4.5,1.78,3.25,4,1.73,3.4,4.2
2,1.95,3.2,3.6,1.8,3.3,3.95,1.9,3.2,3.5,1.9,3.2,3.5,,,,1.83,3.3,3.6,1.95,3.3,3.8,2,3.25,3.25,1.85,3.25,3.75,1.91,3.25,3.6
3,2.38,3.3,2.75,2.4,3.3,2.55,2.6,3.1,2.3,2.5,3.2,2.5,,,,2.5,3.25,2.4,2.63,3.3,2.5,2.35,3.25,2.65,2.5,3.2,2.5,2.3,3.2,2.75
4,1.44,3.75,7.5,1.4,4,6.8,1.4,3.9,6,1.44,3.6,6.5,,,,1.44,3.75,6,1.44,4,7.5,1.45,3.75,6.5,1.5,3.75,5.5,1.44,3.75,6.5
5,5,3.5,1.65,5,3.5,1.6,4,3.3,1.7,4,3.4,1.72,,,,4.2,3.4,1.7,4.5,3.5,1.73,4.5,3.4,1.65,4.5,3.5,1.65,4.75,3.3,1.67
6,4.75,3.4,1.67,4.85,3.4,1.65,3.7,3.2,1.8,5,3.25,1.62,,,,4.2,3.4,1.7,5.5,3.75,1.67,4.35,3.4,1.7,4.5,3.4,1.7,,,
7,2.1,3.2,3.3,2.05,3.25,3.15,1.85,3.2,3.5,1.83,3.3,3.6,,,,1.83,3.3,3.6,1.91,3.4,3.6,2.1,3.25,3,1.85,3.25,3.75,2.1,3.25,3.1
8,3.2,3.4,2.2,2.55,3.3,2.4,2.4,3.2,2.4,2.5,3.2,2.5,,,,2.7,3.25,2.25,2.6,3.4,2.4,2.8,3.25,2.25,2.8,3.2,2.25,2.88,3.25,2.2
9,2.25,3.25,2.88,2.3,3.25,2.7,2.1,3.1,3,2.25,3.2,2.75,,,,2.2,3.25,2.75,2.2,3.3,3.1,2.25,3.25,2.8,2.2,3.3,2.8,2.25,3.2,2.8
10,1.3,5.25,9.5,1.25,5,10,1.3,4.2,8,1.25,4.5,10,,,,1.35,4.2,7,1.27,5,10,1.3,4.35,8.5,1.25,5,10,1.29,4.5,9
11,1.3,5.25,9.5,1.25,5,10,1.3,4.2,8,1.29,4.33,9,,,,1.25,4.5,9.5,1.27,5,10,1.28,4.5,8.5,1.25,5,10,1.25,5,9
12,2.6,3.2,2.5,2.6,3.2,2.4,2.4,3.2,2.4,2.5,3.2,2.5,,,,2.6,3.1,2.4,2.6,3.25,2.5,2.65,3.3,2.3,2.6,3.25,2.5,2.62,3.2,2.38
13,1.91,3.4,4,1.85,3.35,3.8,1.8,3.1,3.8,1.8,3.3,3.75,,,,1.8,3.3,3.75,1.8,3.3,4.25,2,3.2,3.4,1.85,3.3,4,1.83,3.3,3.8
14,2.9,3.3,2.38,2.75,3.3,2.25,2.5,3.2,2.3,2.6,3.2,2.38,,,,2.75,3.2,2.25,2.8,3.2,2.38,2.75,3.2,2.3,2.75,3.25,2.35,2.75,3.2,2.3
15,1.7,3.3,4.5,1.75,3.45,4,1.7,3.2,4.2,1.67,3.3,4.5,,,,1.7,3.4,4.2,1.7,3.4,4.75,1.7,3.4,4.35,1.75,3.4,4.25,1.7,3.4,4.33
16,2.35,3.3,3,2.35,3.25,2.7,2.2,3.1,2.8,2.2,3.2,2.8,,,,2.2,3.2,2.8,2.3,3.25,2.88,2.2,3.25,2.9,2.3,3.25,2.85,2.3,3.2,2.75
17,6,3.75,1.57,5.1,3.6,1.55,4.6,3.4,1.6,5.5,3.6,1.5,,,,5.25,3.5,1.55,5.25,3.5,1.62,5.5,3.5,1.55,5.25,3.6,1.6,6,3.6,1.5
18,4,3.25,1.83,4.3,3.5,1.68,3.7,3.2,1.8,4,3.4,1.73,,,,4,3.3,1.75,4.25,3.3,1.8,3.6,3.25,1.9,4.1,3.4,1.8,3.8,3.3,1.83
19,1.36,4.75,8.5,1.25,5,9,1.3,4.2,8,1.36,4,7,,,,1.3,4.2,8.5,1.33,4.5,9,1.28,4.5,8.5,1.3,4.75,7.5,1.3,4.5,8.5
20,2.4,3.3,2.9,2.25,3.2,2.8,2.2,3.1,2.8,2.5,3.2,2.5,,,,2.3,3.25,2.6,2.4,3.3,2.75,2.35,3.25,2.65,2.3,3.2,2.75,2.3,3.25,2.7
21,3.2,3.3,2.25,3.25,3.2,2.1,3.1,3,2.1,2.75,3.25,2.2,,,,3,3.2,2.1,3.3,3.3,2.1,3.25,3.25,2,3.1,3.2,2.15,3.1,3.25,2.1
22,1.75,3.75,4.33,1.85,3.35,3.65,1.75,3.2,4,1.73,3.4,4,,,,1.8,3.4,3.6,1.85,3.5,4.25,1.75,3.25,4.35,1.8,3.3,4.2,1.7,3.3,4.5
23,1.4,4.33,8,1.38,4,7.2,1.4,3.9,6,1.33,4,8,,,,1.4,4,7,1.4,4.33,7,1.35,4,7.5,1.4,4.2,7,1.36,4.2,7
24,1.83,3.5,4.2,1.8,3.35,3.9,1.85,3.2,3.5,1.73,3.4,4,,,,1.9,3.4,3.25,1.83,3.4,4,1.8,3.25,4,1.85,3.3,4,1.8,3.3,4
25,2,3.5,3.6,1.95,3.25,3.4,2,3.2,3.1,1.91,3.25,3.4,,,,2.05,3.25,3,2.05,3.25,3.5,2,3.25,3.25,1.95,3.2,3.5,2,3.25,3.3
26,2.7,3.25,2.6,2.5,3.3,2.45,2.45,3.1,2.45,2.5,3.2,2.5,,,,2.5,3.25,2.4,2.6,3.2,2.6,2.4,3.25,2.6,2.5,3.25,2.5,2.5,3.2,2.5
27,3.6,3.3,2.05,3.4,3.25,1.95,3.9,3.3,1.75,3.75,3.3,1.8,,,,3.25,3.25,1.95,3.6,3.3,1.95,3.75,3.25,1.85,3.6,3.25,1.95,3.5,3.3,1.91
28,2.3,3.25,2.9,2.2,3.15,3,2,3.1,3.2,2.2,3.25,2.75,,,,2.15,3.1,3,2.15,3.2,3.3,2.25,3.1,2.8,2.1,3.2,3.2,2.2,3.2,2.9
29,1.25,5.25,10,1.23,5,10,1.3,4.2,8,1.25,4.5,10,,,,1.25,4.8,9,1.27,5.5,10,1.25,5,9,1.27,5,8.5,1.25,5,9
30,2,3.25,3.5,2.1,3.2,3.2,2,3.1,3.2,2,3.2,3.2,,,,1.9,3.25,3.5,2.1,3.3,3.4,2.1,3.3,3.1,2,3.2,3.5,2,3.25,3.3
31,3.25,3.25,2.1,3.4,3.2,2,2.8,3.1,2.2,3,3.2,2.1,,,,3.2,3.2,2,3.5,3.25,2.1,3.2,3.2,2.1,3.2,3.2,2.1,3.1,3.2,2.1
32,2.3,3.25,2.8,2.25,3.1,2.95,2.1,3.1,3,2.2,3.25,2.75,,,,2.1,3.2,3,2.25,3.25,3.1,2.25,3.3,2.8,2.2,3.2,3,2.2,3.1,3
33,2.05,3.25,3.4,1.95,3.2,3.6,2,3.1,3.2,2.1,3.2,3,,,,2.1,3.2,3,2.05,3.3,3.5,2.1,3.3,3.1,2.1,3.2,3.2,2,3.2,3.4
34,2.2,3.25,3,2.1,3.25,3.1,2.1,3.1,3,2.2,3.2,2.8,,,,2.25,3.2,2.75,2.2,3.25,3.2,2.2,3.3,2.8,2.2,3.2,3,2.25,3.25,2.8
35,4.33,3.4,1.75,4.6,3.4,1.7,3.4,3.3,1.85,4,3.4,1.72,,,,3.2,3.2,2,4.33,3.4,1.83,4,3.5,1.75,4.25,3.3,1.75,4.33,3.3,1.73
36,2.5,3.3,2.75,2.3,3.2,2.75,2.3,3.1,2.6,2.4,3.1,2.6,,,,2.3,3.1,2.7,2.4,3.3,2.8,2.5,3.2,2.6,2.45,3.2,2.75,2.3,3.2,2.75
37,1.44,4.33,7,1.4,3.85,7.75,1.4,3.9,6,1.5,3.5,6,,,,1.45,4,6.25,1.44,4,7.5,1.45,4,6,1.45,3.8,7,1.44,3.75,6.5
38,1.36,4.5,9,1.35,4.25,8,1.35,4,7,1.36,4,7,,,,1.35,4.3,7.75,1.36,4.5,8.5,1.35,4,7.5,1.37,4.25,8,1.36,4.2,7
39,4.33,3.4,1.85,4.85,3.4,1.65,3.8,3.1,1.8,3.75,3.3,1.8,,,,4.2,3.4,1.75,4.75,3.5,1.73,4.5,3.4,1.7,4.6,3.4,1.73,4.2,3.4,1.73
40,1.44,4.33,7,1.55,3.45,5.9,1.55,3.5,4.8,1.44,3.6,6.5,,,,1.5,3.8,5.75,1.44,4,7.5,1.5,3.6,6,1.53,3.75,6,1.5,3.6,6
41,1.67,3.75,5.5,1.55,3.5,5.85,1.6,3.4,4.6,1.57,3.5,5,,,,1.6,3.6,5,1.62,3.6,5.5,1.6,3.6,4.5,1.62,3.5,5.25,1.6,3.5,5
42,2.1,3.3,3.2,2.05,3.3,3.2,2.2,3.1,2.8,2.2,3.25,2.75,,,,2.1,3.2,3.2,2.2,3.25,3.2,2.2,3.25,2.8,2.2,3.25,3.1,2.2,3.25,2.88
43,2.4,3.3,2.88,2.3,3.2,2.8,2.2,3.1,2.8,2.2,3.25,2.75,,,,2.5,3.15,2.6,2.38,3.25,2.88,2.25,3.25,2.75,2.3,3.25,2.9,2.5,3.2,2.5
44,2.38,3.4,2.88,2.25,3.1,2.9,2.3,3,2.7,2.2,3.25,2.75,,,,2.3,3.2,2.62,2.38,3.2,3,2.25,3.25,2.8,2.3,3.2,2.75,2.3,3.2,2.75
45,2.2,3.3,3.3,2.25,3,3,2.3,3.1,2.6,2.2,3,3,,,,2.25,3.2,2.9,2.25,3.25,3,2.25,3.25,2.8,2.25,3.2,3,2.3,3.2,2.75
46,1.44,4.2,6,1.32,4.5,8.25,1.3,4.2,8,1.33,4.33,7,,,,1.33,4.2,7.5,1.36,4.5,8,1.4,4,7,1.33,4.5,7.5,1.36,4.2,7
47,1.73,3.4,4.5,1.65,3.45,4.9,1.65,3.4,4.2,1.72,3.4,4,,,,1.7,3.4,4.2,1.67,3.5,5,1.7,3.4,4.5,1.7,3.4,4.4,1.7,3.4,4.33
48,2.2,3.25,3,2.2,3.2,3,2.2,3,2.9,2.25,3.25,2.7,,,,2.3,3.25,2.6,2.2,3.25,3.1,2.25,3.25,2.75,2.15,3.2,3,2.25,3.2,2.8
49,1.29,4.75,9.5,1.3,4.7,8.5,1.4,3.9,6,1.33,4,8,,,,1.36,3.75,8,1.36,4.5,8,1.3,4.5,8,1.33,4.5,7.5,1.33,4.5,7.5
50,5,3.75,1.67,5.35,3.5,1.6,4.6,3.4,1.6,4.5,3.5,1.61,,,,5,3.5,1.57,6,3.5,1.62,5,3.5,1.6,4.75,3.5,1.6,4.5,3.5,1.67
51,4.75,3.5,1.67,5.25,3.5,1.6,4.2,3.4,1.65,4.33,3.4,1.66,,,,5,3.4,1.6,5.25,3.4,1.67,4.5,3.4,1.65,4.75,3.4,1.65,5,3.4,1.62
52,2.2,3.25,3,2.1,3.1,3.3,2.2,3.1,2.8,2.2,3.2,2.8,,,,2.2,3.2,2.8,2.15,3.2,3.25,2.2,3.25,2.9,2.15,3.2,3,2.25,3.2,2.8
53,2.3,3.2,2.88,2.15,3.25,3.05,2.2,3.1,2.8,2.3,3.2,2.62,,,,2.2,3.2,2.8,2.4,3.2,2.8,2.4,3.25,2.65,2.2,3.2,2.9,2.38,3.2,2.62
54,1.57,3.6,5.25,1.55,3.45,6,1.6,3.4,4.6,1.57,3.5,5,,,,1.6,3.25,5.5,1.62,3.5,5.5,1.55,3.6,5,1.6,3.5,5,1.57,3.4,5.5
55,1.2,6,11,1.2,5.1,12,1.2,5,10,1.17,5.5,12,,,,1.22,5,9.5,1.2,6.5,13,1.2,5.5,11,1.2,5.5,11,1.2,6,10
56,1.36,4.5,7.5,1.28,4.5,9,1.3,4.2,8,1.29,4.33,9,,,,1.3,4.5,7.5,1.36,4.5,9,1.28,4.5,8.5,1.3,4.5,8.5,1.3,4.5,8.5
57,2.1,3.25,3.25,2.15,3.1,3.1,2.1,3.1,3,2,3.2,3.2,,,,2.1,3.2,3,2.15,3.25,3.4,2.1,3.25,3,2.1,3.2,3.1,2.1,3.25,3.1
58,1.67,3.4,5,1.6,3.5,4.9,1.65,3.3,4.4,1.62,3.5,4.5,,,,1.65,3.4,4.5,1.7,3.5,5.25,1.65,3.5,4.5,1.67,3.4,4.6,1.67,3.4,4.75
59,2.4,3.3,2.88,2.25,3,3,2.2,3.1,2.8,2.38,3.2,2.6,,,,2.25,3.2,2.75,2.4,3.2,3,2.3,3.3,2.65,2.35,3.25,2.8,2.3,3.2,2.75
60,2.88,3.2,2.3,3,3,2.25,2.6,3.1,2.3,2.75,3.2,2.25,,,,2.75,3.2,2.25,3.2,3.2,2.25,2.6,3.3,2.35,2.75,3.2,2.3,2.62,3.2,2.38
61,3.25,3.3,2.1,2.95,3.25,2.15,2.8,3.1,2.2,2.88,3.3,2.1,,,,3.2,3.2,2,3.4,3.25,2.15,3,3.25,2.1,2.85,3.25,2.2,3.1,3.25,2.1
62,3.25,3.25,2.1,3.35,3.2,2,3.2,3.1,2,3,3.2,2.1,,,,3,3.2,2.1,3.5,3.2,2.15,3,3.25,2.1,3.1,3.2,2.1,3.3,3.25,2
63,2.2,3.25,3,2.15,3.15,3.05,2.4,3.1,2.5,2.2,3.25,2.75,,,,2.2,3.25,2.75,2.38,3.2,3,2.25,3.3,2.75,2.2,3.25,2.9,2.3,3.2,2.75
64,2.62,3.2,2.62,2.25,3.2,2.9,2.1,3.1,3,2.25,3.25,2.7,,,,2.3,3.1,2.7,2.4,3.2,2.8,2.3,3.2,2.7,2.3,3.2,2.85,2.3,3.2,2.75
65,1.53,4,6,1.55,3.55,5.65,1.55,3.5,4.8,1.5,3.5,6,,,,1.57,3.5,5,1.62,3.6,5.5,1.45,3.6,6.5,1.6,3.5,5.25,1.57,3.6,5
66,2.05,3.3,3.6,2.1,3.2,3.2,2.1,3.1,3,2,3.2,3.2,,,,2.1,3.25,2.9,2.1,3.25,3.25,1.95,3.25,3.4,2.05,3.25,3.3,2.1,3.25,3.1
67,1.5,4,6.5,1.45,3.65,7.15,1.45,3.8,5.4,1.57,3.25,5.5,,,,1.5,3.4,6,1.5,3.8,6.5,1.4,3.8,6.5,1.45,3.75,7,1.5,3.6,6
68,3.25,3.25,2.2,2.75,3.15,2.35,2.6,3.1,2.3,2.75,3.2,2.25,,,,2.75,3.2,2.25,2.8,3.2,2.4,2.75,3.25,2.25,2.75,3.25,2.3,2.7,3.25,2.3
69,2.5,3.3,2.75,2.2,3.25,2.95,2.3,3.1,2.6,2.37,3.2,2.6,,,,2.25,3.2,2.75,2.38,3.2,3,2.25,3.2,2.8,2.6,3.1,2.6,2.38,3.2,2.62
70,8,4.75,1.36,7.15,4,1.4,6,3.9,1.4,6,3.75,1.44,,,,6.5,3.6,1.44,6.5,3.8,1.5,6.5,3.8,1.4,7,4,1.4,7,4,1.4
71,2.8,3.25,2.5,2.4,3.2,2.65,2.3,3.1,2.6,2.37,3.2,2.6,,,,2.4,3.25,2.5,2.6,3.2,2.6,2.5,3.25,2.5,2.5,3.2,2.6,2.5,3.2,2.5
72,2.05,3.3,3.6,1.95,3.05,3.7,1.9,3.2,3.4,2,3.2,3.2,,,,2,3.2,3.2,1.9,3.4,3.8,2,3.25,3.25,1.95,3.3,3.5,1.91,3.3,3.5
73,1.57,3.8,6,1.5,3.7,5.7,1.6,3.4,4.6,1.57,3.5,5,,,,1.6,3.4,4.8,1.57,3.75,6,1.6,3.4,5,1.6,3.6,5,1.57,3.6,5
74,1.5,4.2,6.5,1.45,3.6,7,1.5,3.7,5,1.53,3.5,5.5,,,,1.5,3.4,6,1.57,3.6,6,1.5,3.6,6,1.55,3.6,5.75,1.53,3.6,5.5
75,2.25,3.25,3.25,2.4,3.2,2.7,2.3,3.1,2.6,2.4,3.25,2.5,,,,2.3,3.25,2.6,2.4,3.2,2.88,2.2,3.25,2.9,2.3,3.2,2.8,2.25,3.2,2.8
76,1.61,3.75,5.5,1.6,3.5,5,1.7,3.3,4,1.62,3.25,5,,,,1.7,3.25,4.33,1.7,3.5,5,1.65,3.4,4.35,1.65,3.4,5,1.67,3.4,4.5
77,1.4,4.33,8.5,1.4,3.75,8,1.45,3.8,5.4,1.36,4,7,,,,1.44,3.75,6,1.44,4,7.5,1.45,3.75,6.5,1.45,3.75,7,1.44,3.75,6.5
78,1.83,3.4,4.5,1.7,3.4,4.6,1.7,3.3,4,1.62,3.25,5,,,,1.73,3.25,4.2,1.73,3.4,5,1.75,3.3,4.35,1.7,3.3,4.75,1.73,3.3,4.33
79,3,3.25,2.4,3,3.2,2.2,2.8,3.1,2.2,2.75,3.25,2.2,,,,2.7,3.2,2.25,3,3.25,2.3,2.8,3.25,2.25,3,3.2,2.2,2.75,3.2,2.3
80,2.3,3.25,3.2,2.35,3.15,2.8,2.4,3.1,2.5,2.2,3.25,2.75,,,,2.4,3.2,2.5,2.5,3.2,2.75,2.4,3.2,2.65,2.4,3.2,2.7,2.4,3.2,2.62
81,1.57,3.8,6,1.6,3.55,4.9,1.65,3.4,4.2,1.67,3.4,4.33,,,,1.67,3.4,4.33,1.62,3.6,5.5,1.65,3.4,4.5,1.6,3.4,5.25,1.57,3.4,5.5
82,2.6,3.3,2.62,2.55,3.3,2.4,2.5,3.2,2.3,2.5,3.1,2.5,,,,2.5,3.1,2.5,2.6,3.2,2.6,2.4,3.25,2.65,2.6,3.25,2.45,2.5,3.2,2.5
83,2.1,3.2,3.3,2.15,3.1,3.1,1.8,3.2,3.7,1.8,3.2,4,,,,2,3.2,3.2,1.95,3.3,3.75,2.1,3.2,3.2,2,3.3,3.5,2,3.2,3.4
84,1.36,4.5,9,1.3,4.5,8.25,1.37,4,7,1.33,4,8,,,,1.33,4,8,1.33,4.5,9,1.35,4.35,7.5,1.35,4.5,7.5,1.3,4.5,8.5
85,2.8,3.3,2.3,2.9,3.3,2.15,2.5,3.2,2.3,2.7,3.3,2.2,,,,2.6,3.25,2.3,2.8,3.25,2.38,2.8,3.2,2.3,2.9,3.25,2.25,2.62,3.2,2.38
86,1.2,6.5,13,1.16,6,12,1.2,5,10,1.17,5.5,12,,,,1.17,6,10,1.18,6.5,12,1.2,5.5,12,1.18,6,12,1.14,6,15
87,1.45,4,6,1.45,3.6,7,1.33,4.2,8,1.36,4,7,,,,1.4,3.75,7,1.4,4,8,1.4,4.2,7,1.45,4.1,6.5,1.44,3.75,6.5
88,1.67,3.5,4.75,1.65,3.45,4.6,1.7,3.3,4,1.67,3.3,4.5,,,,1.67,3.4,4.33,1.67,3.5,5,1.65,3.5,4.75,1.67,3.4,4.75,1.62,3.4,5
89,1.45,3.8,6.5,1.55,3.5,5.5,1.5,3.7,5,1.53,3.5,5.5,,,,1.5,3.6,5.5,1.44,3.8,7.5,1.5,3.7,6,1.53,3.6,6,1.5,3.6,6
90,2.1,3.3,3.5,2.1,3.15,3.15,2.2,3.1,2.8,2.1,3.2,3,,,,2.1,3.2,3,2.1,3.2,3.4,2.2,3.1,3.1,2.15,3.2,3.1,2.2,3.2,2.88
91,2.7,3.25,2.4,2.75,3.2,2.3,2.9,3.2,2.1,2.75,3.25,2.2,,,,2.6,3.25,2.3,3,3.25,2.25,2.8,3.2,2.3,2.8,3.25,2.3,2.62,3.2,2.38
92,3,3.3,2.2,2.8,3.2,2.3,3.1,3,2.1,2.75,3.25,2.2,,,,2.75,3.2,2.25,3.25,3.25,2.15,2.8,3.25,2.2,2.85,3.25,2.3,2.75,3.25,2.3
93,3.4,3.25,2,3.4,3.35,1.95,3.3,3.3,1.9,2.75,3.25,2.2,,,,2.9,3.25,2.1,3.5,3.25,2.05,3.6,3.3,1.9,3.4,3.25,2,3.5,3.3,1.91
94,1.44,4,6.5,1.4,3.85,7.1,1.45,3.8,5.4,1.4,3.75,7,,,,1.5,3.6,5.5,1.44,4,7,1.4,4,7,1.45,3.9,6.5,1.44,3.75,6.5
95,2.7,3.2,2.4,2.6,3.25,2.4,2.4,3.2,2.4,2.5,3.2,2.5,,,,2.5,3.1,2.5,2.75,3.2,2.5,2.65,3.2,2.35,2.65,3.2,2.45,2.5,3.2,2.5
96,2.9,3.2,2.25,2.85,3.25,2.2,2.5,3.2,2.3,2.75,3.25,2.2,,,,2.8,3.25,2.2,3,3.2,2.3,2.7,3.2,2.35,2.75,3.2,2.35,2.8,3.2,2.25
97,2.3,3.25,2.8,2.25,3.2,2.85,2.2,3.2,2.75,2.2,3.25,2.75,,,,2.3,3.25,2.6,2.3,3.2,3,2.3,3.2,2.8,2.3,3.2,2.85,2.3,3.2,2.75
98,1.57,3.6,5.25,1.5,3.65,5.75,1.55,3.5,4.8,1.57,3.5,5,,,,1.57,3.5,5,1.57,3.75,5.5,1.55,3.5,5.5,1.57,3.5,5.5,1.53,3.6,5.5
99,3.2,3.25,2.1,2.75,3.2,2.3,2.5,3.2,2.3,2.6,3.2,2.37,,,,2.5,3.25,2.4,3,3.25,2.25,2.9,3.2,2.25,2.85,3.2,2.3,2.88,3.2,2.2
100,1.33,4.5,8,1.32,4.5,8,1.3,4.2,8,1.33,4,8,,,,1.35,4.2,7,1.4,4.5,8,1.33,4.35,8,1.4,4.25,7.5,1.4,4,7
101,1.65,3.4,5,1.65,3.55,4.5,1.5,3.7,5,1.53,3.5,5.5,,,,1.6,3.4,4.8,1.62,3.4,6,1.55,3.6,5,1.6,3.5,5,1.62,3.4,5
102,1.33,4.2,10,1.35,4.25,7.5,1.35,4,7,1.33,4,8,,,,1.36,4,7,1.33,4.5,9,1.35,4,8,1.4,3.8,7.5,1.33,4.33,7.5
103,3.6,3.3,1.95,2.9,3.3,2.15,2.75,3.2,2.2,2.8,3.2,2.2,,,,2.75,3.25,2.2,3.3,3.3,2.05,3,3.25,2.1,3,3.2,2.15,3.1,3.2,2.1
104,1.5,3.6,6.5,1.6,3.45,5.15,1.7,3.3,4,1.57,3.5,5,,,,1.62,3.5,4.5,1.57,3.4,6.5,1.55,3.6,5,1.65,3.4,4.75,1.53,3.6,5.5
105,1.65,3.6,4.75,1.7,3.45,4.3,1.65,3.3,4.4,1.53,3.5,5.5,,,,1.67,3.4,4.33,1.57,3.5,6,1.65,3.4,4.5,1.67,3.4,4.5,1.67,3.4,4.5
106,2.05,3.3,3.4,2.05,3.2,3.2,2.1,3.1,3,1.91,3.4,3.25,,,,2,3.3,3.1,1.95,3.4,3.6,2,3.25,3.25,2,3.2,3.3,2,3.25,3.3
107,3,3.25,2.2,2.8,3.2,2.25,2.5,3.2,2.3,2.75,3.2,2.25,,,,2.5,3.3,2.38,2.8,3.25,2.4,2.8,3.2,2.25,2.7,3.2,2.3,2.62,3.2,2.38
108,1.53,3.75,5.5,1.6,3.45,5.2,1.55,3.5,4.8,1.44,3.75,6,,,,1.62,3.5,4.5,1.5,3.75,6.5,1.55,3.5,5,1.6,3.5,5,1.53,3.6,5.5
109,4.75,3.6,1.66,4.4,3.35,1.7,4,3.3,1.7,4.2,3.25,1.73,,,,3.8,3.25,1.8,4.5,3.4,1.73,4.5,3.4,1.7,4.5,3.5,1.7,4.33,3.3,1.73
110,2.4,3.25,2.7,2.3,3.2,2.75,2.4,3.1,2.5,2.2,3.2,2.8,,,,2.3,3.3,2.6,2.38,3.2,2.8,2.25,3.25,2.8,2.35,3.2,2.8,2.3,3.2,2.75
111,3.25,3.2,2.2,2.8,3.2,2.25,3,3.1,2.1,3.1,3.3,2,,,,2.8,3.2,2.2,3,3.25,2.2,2.75,3.25,2.25,3,3.25,2.25,3,3.25,2.15
112,2.6,3.25,2.5,2.4,3.2,2.6,2.3,3.1,2.6,2.5,3.1,2.5,,,,2.5,3.1,2.5,2.5,3.2,2.6,2.6,3.25,2.4,2.55,3.2,2.6,2.5,3.2,2.5
113,1.57,3.5,5.5,1.6,3.5,5,1.55,3.5,4.8,1.62,3.25,5,,,,1.6,3.4,5,1.62,3.6,5,1.5,3.6,5.5,1.6,3.6,5.5,1.53,3.6,5.5
114,1.8,3.4,4,1.8,3.2,4.1,1.75,3.3,3.8,1.7,3.25,4.33,,,,1.73,3.25,4.2,1.73,3.4,4.5,1.85,3.25,3.75,1.8,3.3,4.25,1.75,3.3,4.2
115,1.2,5.5,11,1.2,5.6,10,1.17,5.5,11,1.2,5,11,,,,1.12,6.5,12,1.2,5.75,11,1.15,6,12,1.2,5.75,12,1.17,6,11
116,1.3,5,8.5,1.2,5.6,10,1.2,5,10,1.22,5,10,,,,1.25,4.5,10,1.25,5.25,10,1.25,5,10,1.25,5.25,10,1.25,5,10
117,1.9,3.3,3.6,2,3.25,3.3,2,3.2,3.1,1.91,3.2,3.5,,,,2,3.2,3.2,2.1,3.25,3.25,1.9,3.25,3.5,2,3.25,3.5,2,3.25,3.3
118,4.33,3.4,1.72,4.6,3.5,1.65,4,3.3,1.7,3.75,3.3,1.8,,,,4.33,3.4,1.67,5,3.5,1.7,4.35,3.3,1.75,4.5,3.4,1.75,4.2,3.3,1.75
119,5,3.75,1.66,4.7,3.4,1.65,4.4,3.3,1.65,4.33,3.4,1.66,,,,4.5,3.5,1.62,5,3.5,1.7,5,3.4,1.6,4.75,3.4,1.7,4.5,3.5,1.67
120,1.2,5.5,13,1.17,5.5,13,1.17,5.5,11,1.16,5.5,12,,,,1.17,5.5,12,1.2,6,12,1.2,5.5,11,1.2,5.75,12,1.17,6,12
121,1.66,3.4,4.75,1.7,3.3,4.55,1.65,3.3,4.4,1.57,3.5,5,,,,1.67,3.4,4.33,1.67,3.5,5.25,1.65,3.4,4.5,1.7,3.4,4.75,1.62,3.4,5
122,1.57,3.5,5.5,1.55,3.5,5.75,1.55,3.5,4.8,1.57,3.5,5,,,,1.57,3.5,5,1.62,3.6,5.5,1.6,3.4,5,1.6,3.5,5.5,1.57,3.5,5.5
123,2,3.2,3.5,2,3.2,3.4,1.9,3.2,3.4,1.9,3.2,3.5,,,,1.91,3.2,3.5,1.95,3.2,4,1.9,3.25,3.6,2,3.25,3.5,2,3.2,3.4
124,2.5,3.2,2.62,2.1,3.2,3.1,2.3,3.1,2.6,2.25,3.25,2.7,,,,2.25,3.2,2.75,2.35,3.2,3,2.4,3.25,2.6,2.4,3.2,2.75,2.38,3.2,2.62
125,1.57,3.5,5.5,1.6,3.4,5.2,1.6,3.4,4.6,1.57,3.5,5,,,,1.57,3.5,5,1.62,3.6,5.5,1.6,3.4,5,1.62,3.5,5.25,1.62,3.5,5
126,3.1,3.2,2.15,3,3.3,2.1,3.1,3.2,2,3.2,3.2,2,,,,3,3.2,2.1,3.6,3.3,2,3.25,3.25,2,3.2,3.3,2.1,3.1,3.2,2.1
127,4.33,3.5,1.72,4.2,3.3,1.75,4.2,3.4,1.65,4.33,3.4,1.67,,,,4.33,3.4,1.67,5,3.5,1.7,4.5,3.4,1.65,4.75,3.5,1.67,4.75,3.4,1.67
128,1.9,3.25,3.8,1.85,3.25,3.75,1.75,3.3,3.9,1.8,3.3,3.75,,,,1.8,3.3,3.75,1.91,3.4,4,1.8,3.25,4,1.85,3.3,4,1.83,3.3,3.8
129,2.15,3.3,3.1,2.15,3.3,2.9,2,3.3,3,2.1,3.2,3,,,,2,3.2,3.2,2.2,3.25,3.25,2.1,3.25,3.1,2.15,3.25,3.1,2.1,3.3,3
130,2.7,3.3,2.37,2.7,3.25,2.3,2.5,3.2,2.3,2.5,3.2,2.4,,,,2.8,3.2,2.2,3,3.25,2.4,2.8,3.25,2.25,2.75,3.25,2.35,2.7,3.25,2.3
131,1.57,3.5,5.75,1.55,3.4,5.7,1.55,3.5,4.8,1.5,3.6,5.5,,,,1.57,3.5,5,1.62,3.5,6,1.55,3.5,5.5,1.6,3.5,5.5,1.57,3.5,5.5
132,1.66,3.4,5,1.7,3.25,4.6,1.65,3.4,4.2,1.62,3.5,4.5,,,,1.7,3.3,4.33,1.67,3.6,5.25,1.7,3.3,4.5,1.67,3.5,4.75,1.67,3.4,4.75
133,2.1,3.3,3.2,2.2,3.2,2.9,2.1,3.2,2.9,2.25,3.25,2.7,,,,2.1,3.2,3,2.25,3.2,3.2,2,3.25,3.25,2.2,3.25,3,2.2,3.25,2.88
134,1.22,5.75,10,1.2,5.5,10.5,1.15,6,12,1.2,5,11,,,,1.17,5.5,12,1.22,6,12,1.2,5,12,1.2,5.75,11,1.18,5.5,12
135,2.4,3.3,2.7,2.25,3.25,2.8,2.3,3.2,2.5,2.38,3.2,2.5,,,,2.38,3.1,2.62,2.4,3.2,2.95,2.4,3.25,2.6,2.4,3.25,2.7,2.38,3.25,2.62
136,2.7,3.2,2.45,2.65,3.15,2.4,2.6,3.1,2.3,2.5,3.3,2.38,,,,2.62,3.2,2.3,2.75,3.2,2.5,2.7,3.2,2.35,2.75,3.2,2.35,2.75,3.2,2.3
137,2.25,3.2,3,2.2,3.2,3,2.2,3.1,2.8,2.2,3,3,,,,2.2,3.2,2.8,2.15,3.2,3.2,2.1,3.2,3.2,2.2,3.2,3,2.2,3.2,2.88
138,2.1,3.25,3.25,2.1,3.2,3.1,2,3.2,3.1,2.1,3.3,2.88,,,,2.1,3.2,3,2.15,3.2,3.2,2.2,3.3,2.9,2.1,3.2,3.2,2.1,3.2,3.1
139,3,3.2,2.2,2.75,3.2,2.3,2.8,3.1,2.2,2.75,3.25,2.2,,,,2.75,3.2,2.25,3,3.2,2.25,2.8,3.25,2.25,2.9,3.25,2.25,2.75,3.2,2.3
140,2.1,3.4,3.1,2.1,3.2,3,1.9,3.2,3.4,1.91,3.25,3.4,,,,1.9,3.25,3.4,2,3.25,3.5,2.1,3.25,3.1,2.05,3.25,3.3,1.91,3.3,3.5
141,1.8,3.4,4,1.8,3.25,4,1.75,3.2,4,1.83,3.3,3.6,,,,1.8,3.25,3.8,1.75,3.3,4.5,1.7,3.4,4.35,1.75,3.3,4.33,1.75,3.3,4.2
142,2.3,3.2,2.87,2.3,3.15,2.8,2.4,3.1,2.5,2.25,3.25,2.7,,,,2.3,3.2,2.62,2.38,3.2,2.8,2.3,3.3,2.7,2.35,3.2,2.75,2.4,3.2,2.6
143,1.4,4.5,8,1.5,3.6,6,1.45,3.6,5.8,1.44,3.6,6.5,,,,1.4,3.75,7,1.44,3.8,8,1.45,3.75,7,1.45,3.75,7,1.44,3.75,6.5
144,1.66,3.4,5,1.7,3.1,4.8,1.7,3.3,4,1.67,3.4,4.33,,,,1.67,3.3,4.5,1.7,3.4,4.75,1.75,3.4,4,1.73,3.3,4.5,1.73,3.4,4.2
145,5.75,3.75,1.55,5.5,3.65,1.55,4.8,3.5,1.55,5,3.5,1.57,,,,4.8,3.4,1.62,5.5,3.5,1.62,5,3.4,1.6,5.25,3.6,1.6,5.5,3.6,1.53
146,3,3.4,2.3,2.95,3.25,2.2,2.8,3.1,2.2,2.75,3.25,2.2,,,,2.62,3.2,2.3,3.05,3.2,2.3,2.65,3.25,2.35,2.9,3.25,2.3,2.8,3.2,2.25
147,2,3.4,3.4,1.8,3.35,4.05,1.8,3.2,3.7,1.9,3.2,3.5,,,,,,,1.83,3.4,4.1,1.9,3.25,3.75,1.83,3.25,4.25,1.91,3.25,3.6
148,1.44,3.75,7.5,1.5,3.55,6.5,1.4,3.9,6,1.44,3.6,6.5,,,,1.4,3.75,7,1.5,3.75,6.5,1.4,3.75,7.5,1.45,3.75,7.5,1.4,3.75,7.5
149,2.62,3.25,2.45,2.7,3,2.5,2.5,3.1,2.4,2.5,3.25,2.37,,,,2.62,3.2,2.3,2.75,3.2,2.5,2.8,3.25,2.3,2.65,3.2,2.5,2.62,3.2,2.38
150,1.36,4.5,6.5,1.3,4.55,9,1.3,4.2,8,1.25,5,8,,,,1.3,4.33,8,1.25,5.5,10,1.25,5,9.5,1.27,5,10,1.25,5,9
151,1.66,3.75,4.75,1.6,3.5,5,1.6,3.4,4.6,1.66,3.4,4.33,,,,1.67,3.4,4.33,1.67,3.4,5,1.65,3.4,4.5,1.65,3.5,5,1.62,3.5,5
152,1.85,3.3,4,1.85,3.4,3.75,1.8,3.2,3.7,1.83,3.3,3.6,,,,1.9,3.2,3.5,1.95,3.3,3.75,1.83,3.25,4,1.85,3.3,4,1.8,3.3,4
153,2,3.25,3.5,1.9,3.25,3.75,2,3.2,3.1,2,3.2,3.2,,,,1.9,3.25,3.4,2,3.25,3.6,2.05,3.25,3.25,1.95,3.25,3.7,2,3.2,3.4
154,2.8,3.2,2.37,3.1,3,2.2,2.8,3.1,2.2,3.2,3.2,2,,,,3.2,3.2,2,3.05,3.25,2.25,2.65,3.2,2.35,2.9,3.2,2.3,2.62,3.2,2.38
155,6.5,3.6,1.57,6.2,3.5,1.5,5,3.7,1.5,5.5,3.6,1.5,,,,5.5,3.5,1.53,6.25,3.75,1.53,5.5,3.6,1.55,6.25,3.6,1.55,6,3.6,1.5
156,1.4,4.5,8,1.35,4,9,1.35,4,7,1.36,4,7,,,,1.36,4,7,1.36,4.5,8.5,1.3,4.35,8,1.35,4.33,8.5,1.36,4.2,7
157,2.4,3.1,3.1,2.25,3.1,2.9,2.2,3.1,2.8,2.2,3.2,2.8,,,,2.25,3.2,2.75,2.35,3.15,3,2.25,3.2,2.8,2.3,3.2,2.9,2.25,3.2,2.8
158,1.4,4.5,8,1.35,3.85,9,1.35,4,7,1.36,4,7,,,,1.36,4,7,1.36,4.5,8.5,1.3,4.35,8,1.35,4.33,8.5,1.4,4,7
159,1.8,3.4,4.2,1.85,3.2,3.85,1.8,3.2,3.7,1.73,3.4,4,,,,1.8,3.25,3.75,1.85,3.3,4,1.8,3.3,4,1.85,3.35,4,1.91,3.25,3.6
160,1.85,3.6,4,,,,2.1,3.1,3,,,,,,,2,3.2,3.2,1.91,3.4,4,2,3.25,3.2,2,3.3,3.5,2,3.25,3.3
161,1.28,5.5,9.5,1.25,5,10,1.25,4.5,9,1.29,4.5,8,,,,1.29,4.33,8.5,1.29,5,10,1.28,4.5,8.5,1.3,4.75,9,1.25,4.75,10
162,2.5,3.25,2.8,2.4,3.2,2.6,2.3,3.1,2.6,2.38,3.2,2.6,,,,2.25,3.2,2.75,2.4,3.2,2.88,2.4,3.25,2.65,2.5,3.25,2.6,2.38,3.2,2.62
163,4.5,3.6,1.75,4.7,3.3,1.7,4.2,3.2,1.7,4,3.4,1.72,,,,4.33,3.3,1.7,4.75,3.5,1.73,4.35,3.3,1.75,4.5,3.4,1.75,4.2,3.3,1.75
164,1.57,3.5,6,1.55,3.55,5.65,1.5,3.7,5,1.53,3.5,5.5,,,,1.57,3.6,4.8,1.57,3.5,6.5,1.55,3.6,5,1.55,3.6,6,1.53,3.6,5.5
165,,,,,,,,,,,,,,,,,,,,,,,,,,,,,,
166,2.1,3.25,3.6,1.85,3.25,3.95,2,3.1,3.2,1.83,3.3,3.6,,,,1.91,3.2,3.5,1.9,3.3,4,1.9,3.25,3.6,2,3.2,3.6,1.95,3.25,3.4
167,2.88,3.4,2.38,2.7,3.2,2.4,2.4,3.2,2.4,2.6,3.2,2.37,,,,2.5,3.25,2.38,2.8,3.25,2.4,2.7,3.25,2.3,2.6,3.25,2.5,2.5,3.2,2.5
168,1.8,3.4,4,1.75,3.3,4.35,1.75,3.4,3.7,1.75,3.3,4,,,,1.83,3.2,3.75,1.8,3.4,4.33,1.85,3.25,4,1.83,3.3,4.2,1.91,3.3,3.5
169,1.75,3.5,4.75,1.6,3.55,5.05,1.65,3.4,4.2,1.61,3.25,5,,,,1.67,3.4,4.33,1.67,3.5,5,1.65,3.5,4.5,1.65,3.5,5,1.7,3.4,4.33
170,2.7,3.25,2.62,2.4,3.2,2.6,2.3,3,2.7,2.25,3.2,2.75,,,,2.5,3.1,2.5,2.5,3.25,2.7,2.25,3.25,2.9,2.4,3.25,2.75,2.3,3.1,2.8
171,4.33,3.6,1.8,4,3.3,1.8,,,,3.6,3.3,1.83,,,,3.75,3.2,1.83,4.2,3.4,1.83,3.75,3.3,1.85,4,3.4,1.83,3.8,3.25,1.83
172,3.75,3.3,2,3.75,3.15,1.9,3.3,3.3,1.9,3.75,3.3,1.8,,,,3.6,3.3,1.83,4,3.4,1.8,3.4,3.25,2,3.4,3.25,2.05,3.5,3.3,1.91
173,4.75,3.5,1.66,4.8,3.6,1.6,4.6,3.4,1.6,4.33,3.4,1.67,,,,4.5,3.3,1.67,4.75,3.4,1.7,4.5,3.3,1.7,4.5,3.5,1.67,4.75,3.4,1.67
174,1.65,3.6,4.75,1.6,3.4,5.25,1.7,3.3,4,1.57,3.5,5,,,,1.62,3.4,4.8,1.67,3.5,4.75,1.6,3.4,5,1.65,3.4,5,1.62,3.5,5
175,2.25,3.2,3,2.4,3.2,2.65,2.2,3.2,2.75,2.5,3.25,2.4,,,,2.25,3.2,2.75,2.4,3.1,2.75,2.35,3.25,2.7,2.4,3.2,2.7,2.38,3.2,2.62
176,1.57,3.75,5.25,1.5,3.7,5.8,1.5,3.7,5,1.53,3.5,5.5,,,,1.53,3.5,5.5,1.57,3.6,5.5,1.6,3.4,5,1.6,3.6,5,1.62,3.5,5
177,2.2,3.3,3,2.2,3.15,3,2.2,3.2,2.75,2.2,3.25,2.75,,,,2.1,3.2,3,2.35,3.25,2.75,2.25,3.25,2.8,2.1,3.25,3.15,2.25,3.2,2.75
178,1.57,3.75,5.25,1.71,3.4,4.3,1.6,3.4,4.6,,,,,,,1.62,3.4,4.8,1.67,3.5,4.75,1.65,3.4,5,1.7,3.4,4.5,1.62,3.4,5
179,1.22,5.5,11,1.2,5.5,10.25,1.15,6,12,1.25,5,8,,,,1.25,5,8,1.27,5,9.5,1.2,5.5,11,1.25,5,10,1.22,5.5,9
180,1.4,4,7,1.4,3.8,7.3,1.45,3.8,5.4,1.44,3.6,6.5,,,,1.4,3.75,7,1.44,3.8,7,1.45,3.6,7.5,1.45,3.75,7,1.44,3.75,6.5
181,5,3.6,1.6,4.35,3.4,1.7,4,3.3,1.7,4,3.4,1.73,,,,3.75,3.3,1.8,5,3.5,1.7,4.35,3.4,1.7,4.5,3.4,1.72,4.33,3.4,1.7
182,1.9,3.3,4.2,1.75,3.25,4.3,1.7,3.2,4.2,,,,,,,1.67,3.3,4.5,1.83,3.3,4.5,1.7,3.3,4.5,1.73,3.25,4.8,1.73,3.4,4.2
183,1.5,4,7,1.45,3.9,6,1.4,3.9,6,1.4,4,6.5,,,,1.33,4,8,1.4,4.5,7.5,1.4,4,7,1.37,4.25,7.5,1.44,3.75,6.5
184,2,3.4,3.6,1.9,3.3,3.55,1.9,3.3,3.3,1.91,3.2,3.5,,,,1.91,3.2,3.5,1.95,3.35,3.75,1.9,3.3,3.5,1.95,3.25,3.6,1.91,3.3,3.5
185,4.75,3.6,1.72,4.35,3.45,1.7,3.9,3.3,1.75,4,3.4,1.73,,,,4.2,3.3,1.73,4.75,3.5,1.75,4.5,3.3,1.7,4.4,3.4,1.72,4.2,3.3,1.75
186,3.1,3.3,2.3,2.65,3.35,2.35,2.5,3.2,2.3,2.62,3.2,2.3,,,,2.62,3.1,2.38,2.8,3.35,2.4,2.75,3.25,2.3,2.65,3.25,2.4,2.75,3.2,2.3
187,1.85,3.5,4.2,1.8,3.25,4,1.75,3.3,3.9,1.8,3.25,3.75,,,,1.83,3.3,3.6,1.85,3.3,4.25,1.9,3.25,3.6,1.83,3.3,4,1.8,3.3,4
188,1.66,3.6,5.25,1.7,3.3,4.5,1.7,3.3,4,1.67,3.3,4.5,,,,1.7,3.3,4.33,1.7,3.5,5,1.7,3.3,4.5,1.65,3.5,4.75,1.73,3.4,4.2
189,1.36,4.33,7.5,1.45,3.95,6,1.35,4,7,1.36,4,7,,,,1.33,4,8,1.36,4.5,8.5,1.4,3.6,8,1.36,4.25,7.75,1.4,4,7
190,1.67,3.5,5,1.67,3.4,4.8,1.7,3.4,4.3,1.7,3.3,4.33,,,,1.67,3.4,4.33,1.75,3.4,4.75,1.65,3.4,5,1.7,3.4,4.5,1.73,3.4,4.2
191,3.2,3.25,2.25,3.1,3.3,2.1,2.8,3.1,2.2,2.75,3.25,2.2,,,,2.8,3.2,2.2,3.2,3.3,2.15,2.8,3.25,2.25,3.2,3.2,2.1,2.8,3.2,2.25
192,1.91,3.5,4,1.75,3.4,4.2,1.85,3.2,3.5,1.91,3.2,3.5,,,,1.83,3.3,3.6,1.85,3.4,4,1.83,3.25,3.75,1.85,3.3,3.8,1.91,3.3,3.5
193,1.33,4.75,10,1.3,4.35,9.5,1.3,4.2,8,1.36,4,7,,,,1.3,4.33,8,1.33,4.5,9,1.35,4,7.5,1.35,4.25,8,1.36,4.2,7
194,2,3.3,3.8,1.9,3.35,3.6,2,3.1,3.2,1.91,3.25,3.5,,,,2,3.2,3.2,1.95,3.3,3.75,1.91,3.3,3.5,2,3.25,3.4,2.1,3.2,3.1
195,2.25,3.3,3.2,2.3,3.3,2.75,2.3,3.2,2.5,2.3,3.2,2.62,,,,2.2,3.2,2.8,2.25,3.3,3.1,2.4,3.25,2.65,2.25,3.3,2.8,2.38,3.2,2.62
196,1.95,3.4,3.8,1.95,3.25,3.55,2.1,3.1,3,1.91,3.2,3.5,,,,1.95,3.2,3.3,2.05,3.25,3.5,2,3.25,3.4,2,3.25,3.4,2,3.2,3.4
197,1.4,4.5,8,1.45,3.8,6.8,1.4,3.9,6,1.44,3.6,6.5,,,,1.4,3.75,7,1.4,4.2,8,1.4,4,7,1.4,4,7,1.4,4,7
198,1.8,3.3,4.2,1.75,3.4,4.2,1.8,3.1,3.8,1.73,3.4,4,,,,1.73,3.4,4,1.83,3.4,4.25,1.7,3.4,4.5,1.75,3.4,4.25,1.8,3.3,4
199,1.29,4.75,9,1.23,5,10,1.27,4.3,8.5,1.2,5.5,9,,,,1.3,4.2,8.5,1.25,5,11,1.22,5,10,1.25,5,9,1.25,5,9
200,1.62,3.4,5.5,1.7,3.35,4.5,1.7,3.2,4.2,1.72,3.4,4,,,,1.65,3.4,4.5,1.67,3.5,5,1.6,3.4,5,1.65,3.4,4.6,1.67,3.4,4.5
201,1.7,3.25,4.75,1.65,3.4,4.7,1.7,3.2,4.2,1.57,3.5,5,,,,1.65,3.4,4.5,1.62,3.5,5.5,1.65,3.4,4.5,1.6,3.4,5,1.7,3.4,4.33
202,1.62,3.5,5,1.65,3.4,4.8,1.6,3.4,4.6,1.72,3.4,4,,,,1.7,3.25,4.5,1.67,3.75,4.5,1.65,3.4,4.5,1.7,3.4,4.3,1.62,3.4,5
203,2.5,3.3,2.5,2.45,3.2,2.55,2.4,3.2,2.4,2.5,3.2,2.5,,,,2.3,3.3,2.6,2.5,3.25,2.63,2.5,3.2,2.5,2.4,3.2,2.6,2.5,3.2,2.5
204,2,3.4,3.25,2.2,3.2,2.9,2.1,3,3.1,2.1,3.2,3,,,,2.2,3.2,2.8,2.1,3.25,3.25,2,3.2,3.3,2.15,3.2,3,2.1,3.3,3
205,5.5,3.6,1.57,4.7,3.65,1.6,4.4,3.3,1.65,4.5,3.5,1.61,,,,4.5,3.4,1.65,5,3.5,1.67,6,3.75,1.45,4.5,3.5,1.65,5.5,3.6,1.53
206,7,3.75,1.53,5.35,3.75,1.52,5,3.7,1.5,6,3.75,1.44,,,,5,3.5,1.57,5.5,3.75,1.57,5.5,4,1.5,5.25,3.6,1.55,6,3.6,1.5
207,2.25,3.3,2.8,2.4,3.2,2.6,2.3,3,2.7,2.2,3.2,2.8,,,,2.15,3.2,2.9,2.38,3.2,2.8,2.2,3.2,3,2.3,3.2,2.75,2.38,3.2,2.62
208,4.5,3.5,1.73,4.05,3.4,1.75,4,3.2,1.75,4,3.4,1.72,,,,3.75,3.3,1.8,4.25,3.4,1.8,4.5,3.4,1.65,4.25,3.4,1.75,4.2,3.4,1.75
209,6,3.75,1.57,5,3.5,1.6,4.2,3.4,1.65,5.5,3.5,1.53,,,,5,3.3,1.6,4.8,3.65,1.67,5.5,3.5,1.55,4.5,3.5,1.67,5,3.5,1.62
210,1.29,5.25,9.5,1.2,5.35,11,1.17,5.5,11,1.16,5.5,12,,,,1.2,5.5,9,1.17,6.5,14,1.2,5.5,11,1.15,6.5,13,1.17,6.5,10
211,4.33,3.5,1.83,4,3.3,1.8,,,,3.5,3.2,1.9,,,,3.75,3.3,1.8,3.5,3.4,2,4,3.3,1.85,3.75,3.3,1.85,3.4,3.25,1.95
212,2.38,3.25,3,2.15,3.1,3.1,2,3.2,3.1,2.2,3,3,,,,2.25,3.2,2.75,2.1,3.25,3.4,2.35,3.25,2.65,2.2,3.2,3,2.25,3.1,2.88
213,2.62,3.3,2.62,2.4,3.25,2.6,2.4,3.1,2.5,2.3,3.2,2.62,,,,2.38,3.1,2.62,2.6,3.25,2.6,2.6,3.25,2.6,2.35,3.25,2.7,2.38,3.1,2.7
214,2.38,3.3,2.62,2.25,3.3,2.75,2.2,3,2.9,2.25,3.2,2.75,,,,2.25,3.2,2.75,2.5,3.3,2.63,2.5,3.25,2.5,2.3,3.3,2.75,2.3,3.2,2.75
215,1.73,3.4,5,1.7,3.4,4.4,1.7,3.3,4,1.72,3.2,4.33,,,,1.7,3.3,4.33,1.75,3.45,4.5,1.7,3.4,4.35,1.75,3.4,4.25,1.7,3.4,4.33
216,2.38,3.25,3,2.15,3.15,3.05,2.2,3.2,2.75,2.25,3,2.87,,,,2.25,3.2,2.75,2.25,3.1,3.2,2.35,3.25,2.65,2.2,3.1,3.1,2.38,3.1,2.7
217,2.6,3.2,2.75,2.7,3.25,2.3,2.8,3.1,2.2,2.8,3.2,2.2,,,,2.6,3.1,2.4,2.75,3.25,2.5,2.4,3.2,2.6,2.6,3.2,2.45,2.75,3.2,2.3
218,,,,,,,,,,,,,,,,,,,,,,,,,,,,,,
219,2.1,3.3,3.2,2.1,3.25,3.15,2.2,3.2,2.75,2.2,3.2,2.8,,,,2.15,3.2,2.9,2.2,3.3,3.2,2.1,3.2,3.2,2.15,3.25,3,2.2,3.25,2.88
220,3.2,3.3,2.1,2.85,3.25,2.2,2.75,3.2,2.2,3.4,3.25,1.91,,,,2.9,3.2,2.15,3.1,3.3,2.2,3.2,3.2,2.1,3,3.25,2.15,2.88,3.25,2.2
221,1.14,6,15,1.15,6,14,1.15,6,12,1.17,5.5,12,,,,1.17,5.5,12,1.14,7.5,16,1.18,5.5,12,1.15,6.5,12,1.17,6,11
222,1.18,6,13,1.2,5.5,11,1.2,5,10,1.22,5,10,,,,1.2,5.5,11,1.2,6,12,1.18,5.5,12,1.2,6,10,1.2,5.5,11
223,1.8,3.3,4.2,1.8,3.25,4,1.85,3.2,3.5,1.8,3.3,3.75,,,,1.8,3.3,3.75,1.8,3.3,4.75,1.7,3.4,4.35,1.75,3.3,4.33,1.8,3.3,4
224,1.5,3.8,6,1.5,3.5,6.25,1.6,3.4,4.6,1.5,3.6,5.5,,,,1.5,3.6,5.5,1.53,3.8,6.5,1.5,3.6,6,1.53,3.75,5.5,1.57,3.5,5.4
225,3.4,3.2,2.05,3.9,3.2,1.85,2.9,3.4,2,3.4,3.25,1.91,,,,3.5,3.2,1.9,3.75,3.3,2,3.2,3.2,2.1,3.4,3.25,2,3.4,3.2,2
226,11,6,1.2,12,6.25,1.15,12,6,1.15,9,5.5,1.2,,,,9,5.5,1.2,11,7.5,1.18,10,5.5,1.2,10,6.25,1.18,9,6,1.2
227,5.5,3.6,1.57,5.5,3.4,1.57,4.8,3.5,1.55,4.5,3.3,1.66,,,,4.8,3.4,1.61,5.5,3.75,1.62,5,3.5,1.6,5.25,3.5,1.6,5,3.6,1.57
228,1.44,4,6.5,1.45,3.8,6.5,1.4,3.9,6,1.44,3.6,6.5,,,,1.44,3.75,6,1.45,4,7.5,1.4,3.75,7.5,1.45,3.75,7,1.44,4,6
229,2.3,3.25,2.87,2.35,3.3,2.6,2.3,3.2,2.5,2.2,3.2,2.8,,,,2.25,3.1,2.8,2.3,3.3,3,2.25,3.2,2.9,2.3,3.2,2.8,2.3,3.2,2.75
230,1.36,4.33,7.5,1.3,4.5,8.5,1.35,4,7,1.4,3.75,7,,,,1.4,3.75,7,1.36,4.5,8.5,1.35,4,8.5,1.35,4.5,7,1.33,4.5,7.5
231,1.44,4.2,7,1.4,4,7,1.45,3.8,5.4,1.4,3.75,7,,,,1.4,3.75,7,1.45,4,7.5,1.4,3.75,7.5,1.45,3.75,7,1.5,3.75,6
232,1.57,3.6,5.5,1.5,3.75,5.55,1.5,3.7,5,1.57,3.5,5,,,,1.57,3.3,5.5,1.6,3.75,5.5,1.55,3.5,5.5,1.57,3.6,5.25,1.57,3.6,5
233,1.4,4,7.5,1.4,4,6.8,1.4,3.9,6,1.44,3.6,6.5,,,,1.4,3.75,7,1.4,4.5,7.5,1.35,4,8,1.4,4.25,6.5,1.36,4.2,7
234,2.6,3.25,2.5,2.55,3.2,2.5,2.4,3.2,2.4,2.37,3.2,2.6,,,,2.4,3.1,2.6,2.63,3.25,2.63,2.6,3.2,2.4,2.6,3.15,2.5,2.5,3.2,2.5
235,1.44,4.33,7,1.45,3.8,6.25,1.55,3.5,4.8,1.5,3.6,5.5,,,,1.5,3.4,6,1.45,4,7.5,1.45,3.8,6.5,1.47,3.75,6.5,1.5,3.75,5.5
236,2.25,3.3,3.2,2.3,3.3,2.7,2.2,3.2,2.75,2.1,3.2,3,,,,2.4,3.2,2.5,2.3,3.3,3,2.25,3.25,2.8,2.3,3.25,2.75,2.2,3.2,2.88
237,2.38,3.3,3,2.2,3.3,2.8,2.2,3.2,2.75,2.25,3.2,2.75,,,,2.25,3.2,2.75,2.4,3.25,2.88,2.2,3.25,2.9,2.25,3.25,2.85,2.25,3.25,2.8
238,4,3.75,1.83,3.7,3.4,1.82,3.4,3.2,1.9,3.6,3.4,1.83,,,,3.5,3.2,1.91,4.33,3.5,1.8,4,3.3,1.8,3.75,3.35,1.85,3.6,3.4,1.85
239,1.73,3.6,4.75,1.58,3.55,5,1.65,3.5,4,1.62,3.5,4.5,,,,1.57,3.5,5,1.67,3.6,5.25,1.7,3.4,4.5,1.65,3.6,4.6,1.67,3.4,4.75
240,1.91,3.5,4,1.95,3.3,3.35,2,3.2,3.1,1.91,3.25,3.4,,,,1.95,3.25,3.3,2,3.25,3.75,1.9,3.2,3.6,1.9,3.3,3.7,1.95,3.3,3.4
241,1.14,7.5,19,1.14,6.2,14,1.15,6,12,1.14,6,12,,,,1.17,5.5,11,1.14,7.5,16,1.14,6.5,13,1.15,6.5,13,1.17,6,13
242,2.05,3.5,3.5,2.15,3.3,2.95,2.2,3.2,2.75,2.2,3.2,2.8,,,,2.1,3.2,3,2.2,3.2,3.3,2,3.25,3.4,2.1,3.3,3.1,2.15,3.2,3
243,2.62,3.3,2.62,2.4,3.25,2.6,2.4,3.2,2.4,2.4,3.25,2.5,,,,2.3,3.2,2.62,2.63,3.25,2.63,2.6,3.25,2.4,2.5,3.3,2.5,2.5,3.2,2.5
244,8,4,1.4,6.5,3.9,1.45,6,3.9,1.4,6,3.5,1.5,,,,7,3.75,1.4,7,4.2,1.45,6.5,4,1.44,6.5,3.75,1.45,7,4,1.4
245,4.33,3.8,1.67,4.55,3.6,1.65,4.4,3.5,1.6,4,3.4,1.73,,,,4.5,3.5,1.62,4.65,3.75,1.7,4.5,3.6,1.65,4.5,3.6,1.65,4.5,3.5,1.67
246,1.33,4.33,8.5,1.3,4.6,8.5,1.25,4.7,8,1.29,4.5,8,,,,1.33,4.33,7,1.3,5,9.5,1.3,4.5,8.5,1.3,4.75,8,1.3,4.5,8.5
247,1.53,3.8,5.75,1.55,3.85,5.1,1.5,3.7,5,1.5,3.6,5.5,,,,1.53,3.6,5,1.6,3.8,5.5,1.57,3.6,5.5,1.65,3.4,5,1.62,3.6,4.75
248,2.6,3.25,2.5,2.7,3.4,2.3,2.4,3.2,2.4,2.75,3.2,2.25,,,,2.5,3.2,2.4,2.8,3.35,2.4,2.6,3.3,2.4,2.6,3.25,2.45,2.6,3.2,2.4
249,2,3.3,3.8,2,3.2,3.4,2.2,3.2,2.75,2.2,3.2,2.8,,,,2.1,3.3,2.9,2.2,3.2,3.3,2.1,3.25,3.1,2.1,3.2,3.2,2.15,3.2,3
250,1.44,3.75,7.5,1.35,4.25,7.8,1.4,3.9,6,1.36,4,7,,,,1.44,4,5.5,1.4,4.33,8,1.44,4,6.5,1.4,4,7,1.44,4,6
251,1.91,3.6,3.4,2,3.5,3.15,2,3.4,2.9,1.73,3.6,3.75,,,,2,3.4,3,2,3.4,3.6,1.91,3.6,3.25,1.95,3.4,3.3,1.95,3.25,3.5
252,3.75,3.25,1.95,3.1,3.3,2.1,2.75,3.2,2.2,3.5,3.2,1.91,,,,3,3.2,2.1,3.5,3.25,2.1,3,3.3,2.15,3.1,3.25,2.1,3.3,3.25,2
253,1.2,5.25,12,1.22,5.25,10.5,1.22,4.8,9.5,1.2,5,11,,,,1.25,4.5,10,1.22,5.5,12,1.22,5,11,1.22,5,11,1.22,5,11
254,1.17,6,10,1.17,6,12,1.22,4.8,9.5,1.17,5.5,12,,,,1.2,5,11,1.22,5.5,12,1.2,5.5,11,1.2,5.5,10,1.2,5.5,10
255,5.75,3.75,1.5,5.7,3.5,1.55,4.6,3.4,1.6,5,3.5,1.57,,,,5,3.4,1.6,5.5,3.5,1.62,5,3.4,1.6,5.5,3.5,1.55,5.5,3.6,1.53
256,2.88,3.1,2.38,2.75,3.3,2.25,2.75,3.2,2.2,2.75,3.1,2.3,,,,2.65,3.2,2.3,2.88,3.25,2.38,3.1,3.2,2.1,2.8,3.2,2.25,2.8,3.2,2.25
257,2.6,3.1,2.55,2.3,3.2,2.8,2.3,3.2,2.5,2.25,3.25,2.7,,,,2.3,3.2,2.65,2.3,3.3,2.88,2.4,3.2,2.65,2.45,3.1,2.6,2.6,3.2,2.4
258,2.2,3.1,3,2.2,3.15,3,2.2,3.1,2.8,2.1,3.2,3,,,,2.2,3.2,2.8,2.1,3.3,3.25,2.2,3.2,3,2.2,3.1,3,2.2,3.2,2.88
259,1.5,3.6,6,1.55,3.5,5.8,1.6,3.4,4.6,1.57,3.5,5,,,,1.55,3.4,5.5,1.57,3.5,6,1.53,3.5,5.5,1.5,3.6,6,1.5,3.6,6
260,2.88,3.1,2.25,2.7,3.25,2.35,2.6,3.1,2.3,2.6,3.1,2.4,,,,2.5,3.25,2.4,2.63,3.25,2.5,2.7,3.2,2.35,2.75,3.2,2.3,2.75,3.2,2.3
261,1.5,3.5,6.5,1.58,3.5,5.35,1.65,3.3,4.4,1.53,3.5,5.5,,,,1.6,3.4,5,1.57,3.75,5.5,1.57,3.5,5.5,1.55,3.5,5.5,1.53,3.6,5.5
262,1.4,4.33,8,1.28,4.5,9,1.3,4.2,8,1.33,4,8,,,,1.33,4,8,1.36,4.5,9,1.3,4.35,9,1.35,4.4,7,1.33,4.5,7.5
263,2.5,3.2,2.62,2.55,3.2,2.5,2.5,3.2,2.5,2.5,3.2,2.5,,,,2.5,3.1,2.5,2.63,3.3,2.63,2.5,3.25,2.5,2.5,3.2,2.5,2.4,3.2,2.6
264,2,3.25,3.5,2.1,3.2,3.15,2,3.1,3.2,1.91,3.2,3.5,,,,2,3.2,3.2,2.1,3.3,3.5,2,3.25,3.25,2,3.2,3.3,2,3.25,3.3
265,1.36,4.33,7.5,1.35,4,8.1,1.4,3.9,6,1.44,3.6,6.5,,,,1.4,3.75,7,1.4,4,9,1.35,4.35,7,1.4,4.1,6.5,1.4,4,7
266,2.38,3.25,2.75,2.45,3.2,2.55,2.45,3.1,2.45,2.25,3.2,2.75,,,,2.4,3.1,2.6,2.5,3.25,2.75,2.35,3.25,2.65,2.3,3.2,2.7,2.5,3.2,2.5
267,2.25,3.25,2.88,2.2,3.2,2.9,2.2,3.2,2.75,2.38,3.2,2.6,,,,2.25,3.2,2.75,2.4,3.1,3,2.35,3.25,2.65,2.3,3.1,2.8,2.38,3.2,2.62
268,2.1,3.25,3.25,2.25,3.2,2.9,2.1,3.1,3,2,3.2,3.2,,,,2.05,3.2,3.1,2.25,3.25,3.2,2.25,3.25,2.75,2.1,3.2,3.1,2.2,3.25,2.88
269,6.5,4,1.44,8,4.2,1.35,6,3.9,1.4,7,3.75,1.4,,,,6,3.75,1.45,8,3.8,1.44,6.5,3.75,1.45,6.5,4.1,1.4,6.5,3.75,1.44
270,2.2,3.25,3,2.4,3.2,2.65,2.2,3.2,2.75,2.38,3.2,2.6,,,,2.3,3.2,2.65,2.3,3.3,3,2.35,3.25,2.65,2.25,3.2,2.8,2.38,3.25,2.62
271,1.44,4.2,7.5,1.4,3.85,7.5,1.4,3.9,6,1.4,3.75,7,,,,1.44,3.75,6,1.5,4,7,1.45,3.75,6,1.45,3.75,6.5,1.44,3.75,7
272,2.1,3.4,3.4,2.2,3.2,2.95,2.3,3.1,2.8,2.2,3.2,2.8,,,,2.25,3.1,2.8,2.3,3.3,3.2,2.1,3.25,3.1,2.15,3.25,3.2,2.1,3.2,3.1
273,1.8,3.5,4.5,1.8,3.25,4,1.9,3.2,3.4,1.91,3.25,3.4,,,,1.9,3.3,3.4,1.91,3.4,4,1.8,3.25,4,1.9,3.25,3.75,1.8,3.3,4
274,1.55,4,6,1.65,3.3,5.2,1.65,3.3,4.4,1.57,3.5,5,,,,1.67,3.3,4.5,1.62,3.6,6,1.65,3.4,4.5,1.65,3.5,4.75,1.57,3.5,5.5
275,1.62,3.75,5.5,1.6,3.5,5.3,1.7,3.2,4.2,1.57,3.25,5.5,,,,1.67,3.3,4.5,1.62,3.6,6,1.7,3.4,4.5,1.65,3.5,4.75,1.62,3.5,5
276,2.75,3.3,2.5,2.55,3.3,2.45,2.2,3.1,2.8,2.25,3.2,2.75,,,,2.4,3.1,2.6,2.5,3.2,2.88,2.5,3.25,2.5,2.5,3.2,2.5,2.4,3.25,2.62
277,1.73,3.6,4.75,1.75,3.4,4.25,1.85,3.2,3.5,1.83,3.2,3.75,,,,1.8,3.3,3.75,1.85,3.4,4.33,1.75,3.3,4.35,1.85,3.3,3.8,1.83,3.3,4
278,2.35,3.3,3,2.35,3.3,2.7,2.3,3.1,2.6,2.5,3.2,2.5,,,,2.4,3.1,2.6,2.4,3.25,2.88,2.4,3.25,2.65,2.4,3.2,2.65,2.4,3.25,2.62
279,2.25,3.3,3.1,2.25,3.3,2.8,2.4,3.1,2.5,2.38,3.2,2.62,,,,2.3,3.1,2.75,2.4,3.3,2.88,2.4,3.25,2.6,2.4,3.2,2.65,2.3,3.25,2.8
280,1.44,4.33,6.5,1.4,4,7.25,1.35,4,7,1.4,3.75,7,,,,1.33,4,8,1.4,4.33,8,1.4,3.75,7.5,1.4,4,7.5,1.44,4,6.5
281,1.44,4.33,6.5,1.48,3.65,6.5,1.5,3.7,5,1.4,4,6.5,,,,1.44,3.75,6,1.44,4,7.5,1.4,4,7,1.45,4,6.5,1.5,3.6,6.5
282,2.25,3.3,3.1,2.3,3.2,2.8,2.3,3.1,2.6,2.2,3.25,2.75,,,,2.25,3.2,2.75,2.4,3.2,2.88,2.25,3.25,2.8,2.35,3.2,2.8,2.25,3.2,2.88
283,3.3,3.2,2.2,3.25,3.15,2.1,3.1,3.2,2,2.9,3.25,2.1,,,,3,3.2,2.1,3.4,3.25,2.1,2.9,3.25,2.2,3,3.25,2.2,3,3.2,2.2
284,1.62,3.6,5,1.65,3.3,5.15,1.7,3.2,4.2,1.7,3.2,4.5,,,,1.67,3.4,4.33,1.67,3.6,5,1.6,3.4,5,1.7,3.4,4.6,1.67,3.4,4.75
285,6,3.8,1.57,4.8,3.35,1.68,4.4,3.3,1.65,4.5,3.5,1.62,,,,5,3.4,1.6,5.5,3.6,1.62,5,3.4,1.6,5,3.5,1.65,5.5,3.5,1.57
286,2.62,3.25,2.62,2.4,3.2,2.7,2.3,3.1,2.6,2.4,3.25,2.5,,,,2.4,3.25,2.5,2.6,3.25,2.63,2.4,3.2,2.65,2.5,3.2,2.6,2.5,3.2,2.6
287,2.4,3.25,2.88,2.3,3.2,2.8,2.3,3.2,2.5,2.4,3.2,2.5,,,,2.4,3.2,2.5,2.5,3.2,2.75,2.35,3.25,2.65,2.4,3.2,2.75,2.38,3.2,2.7
288,1.85,3.4,4.33,2,3.25,3.4,1.9,3.2,3.4,1.85,3.3,3.5,,,,1.91,3.2,3.5,1.95,3.4,3.8,1.85,3.25,3.75,1.9,3.3,3.75,1.83,3.3,4
289,1.75,3.5,4.75,1.65,3.45,4.65,1.65,3.4,4.2,1.67,3.4,4.33,,,,1.7,3.3,4.2,1.7,3.5,5,1.7,3.3,4.5,1.73,3.4,4.4,1.67,3.4,4.75
290,1.2,5.5,13,1.15,5.8,14,1.2,5,10,1.2,5,11,,,,1.2,5.5,9,1.18,6.5,13,1.22,5,11,1.2,5.5,12,1.22,5,12
291,4.75,3.5,1.75,4.55,3.35,1.68,4,3.3,1.7,4,3.4,1.73,,,,4.2,3.3,1.7,4.75,3.4,1.75,4.5,3.3,1.7,4.4,3.4,1.73,4.5,3.4,1.7
292,1.95,3.3,3.5,1.95,3.3,3.4,1.85,3.2,3.5,1.91,3.2,3.5,,,,1.95,3.2,3.4,1.85,3.3,4.25,1.9,3.25,3.75,1.95,3.2,3.6,1.91,3.3,3.6
293,4,3.4,1.91,3.6,3.3,1.9,3.7,3.2,1.8,3.6,3.25,1.85,,,,3.25,3.25,1.95,4,3.5,1.85,4,3.25,1.8,3.7,3.3,1.9,3.8,3.4,1.83
294,2.2,3.25,3,2.2,3.2,2.9,2.2,3.1,2.8,2.25,3.2,2.75,,,,2.1,3.25,2.9,2.25,3.25,3.1,2.2,3.25,2.9,2.2,3.2,3,2.3,3.2,2.8
295,1.53,3.6,6,1.5,3.6,6,1.6,3.4,4.6,1.53,3.5,5.5,,,,1.53,3.5,5.5,1.53,3.6,7,1.55,3.5,5.5,1.57,3.5,5.5,1.53,3.6,6
296,5.5,3.6,1.57,5.35,3.55,1.55,4,3.3,1.7,4.5,3.5,1.62,,,,4.2,3.3,1.7,5.5,3.6,1.62,4.5,3.4,1.65,4.5,3.5,1.67,4.75,3.5,1.62
297,1.91,3.4,3.75,1.9,3.2,3.75,2,3.2,3.1,1.91,3.2,3.5,,,,1.9,3.25,3.5,1.95,3.3,3.8,1.85,3.25,3.75,1.95,3.2,3.6,1.83,3.3,4
298,1.29,5.25,10,1.18,5.5,12,1.22,4.8,9.5,1.25,4.5,10,,,,1.25,4.8,9,1.27,5.5,11,1.25,5,9.5,1.25,5,10,1.25,5,9
299,2.9,3.3,2.4,2.75,3.2,2.3,2.8,3.1,2.2,2.6,3.2,2.37,,,,2.6,3.1,2.4,2.8,3.3,2.4,2.75,3.25,2.25,2.6,3.25,2.45,2.75,3.2,2.3
300,,,,,,,,,,,,,,,,,,,,,,,,,,,,,,
301,2.1,3.3,3.5,2.05,3.25,3.2,2,3.2,3.1,1.9,3.2,3.5,,,,2,3.2,3.2,2.1,3.2,3.6,2,3.25,3.25,2.05,3.2,3.3,2,3.25,3.3
302,1.44,4.2,7.5,1.4,3.95,6.85,1.45,3.8,5.4,1.44,3.6,6.5,,,,1.5,3.6,5.5,1.44,4.2,7.5,1.45,3.8,6.5,1.5,3.75,6,1.44,3.75,6.5
303,2.8,3.3,2.5,2.8,3.2,2.25,2.6,3.1,2.3,2.6,3.2,2.37,,,,2.6,3.1,2.4,2.63,3.3,2.6,2.75,3.25,2.25,2.75,3.2,2.35,2.62,3.2,2.4
304,2.75,3.3,2.5,2.55,3.3,2.4,2.5,3.1,2.4,2.5,3.2,2.5,,,,2.4,3.1,2.6,2.6,3.3,2.5,2.6,3.25,2.4,2.5,3.2,2.6,2.6,3.2,2.4
305,2.4,3.3,2.9,2.3,3.2,2.75,2.2,3.1,2.8,2.25,3.25,2.7,,,,2.25,3.2,2.75,2.4,3.3,2.88,2.35,3.25,2.65,2.3,3.25,2.8,2.4,3.2,2.6
306,1.44,4.2,7.5,1.5,3.6,6,1.5,3.7,5,1.4,3.75,7,,,,1.5,3.6,5.5,1.44,4,7.5,1.45,3.8,6.5,1.5,3.7,6.25,1.44,3.75,6.5
307,1.22,6,13,1.2,5.5,10.5,1.2,5,10,1.17,5.5,12,,,,1.2,5,11,1.18,6.5,13,1.2,5.5,12,1.2,5.5,11,1.17,6,11
308,2.5,3.25,2.6,2.6,3.3,2.4,2.6,3.1,2.3,2.4,3.2,2.5,,,,2.5,3.25,2.4,2.5,3.25,2.63,2.8,3.25,2.3,2.6,3.2,2.5,2.5,3.1,2.6
309,2.88,3.3,2.25,2.75,3.3,2.25,2.4,3.1,2.5,2.7,3.25,2.25,,,,2.5,3.25,2.4,2.8,3.25,2.3,2.62,3.25,2.4,2.7,3.2,2.4,2.88,3.1,2.3
310,2.3,3.3,2.88,2.05,3.25,3.15,2,3.2,3.1,2.2,3.2,2.8,,,,2,3.3,3.1,2.05,3.2,3.3,2,3.25,3.4,2.1,3.3,3.1,2.25,3.2,2.8
311,5.75,3.6,1.57,5.5,3.5,1.55,5,3.7,1.5,5.5,3.5,1.53,,,,5,3.6,1.53,6.5,3.6,1.57,5.5,3.6,1.57,5.25,3.5,1.6,5.5,3.6,1.53
312,2.3,3.3,2.8,2.3,3.25,2.7,2.2,3.1,2.8,2.25,3.25,2.7,,,,2.25,3.25,2.7,2.38,3.4,2.8,2.3,3.2,2.8,2.3,3.2,2.8,2.38,3.2,2.62
313,2.9,3.3,2.25,2.55,3.3,2.45,2.3,3.1,2.6,2.6,3.2,2.37,,,,2.5,3.25,2.4,2.6,3.3,2.6,2.55,3.25,2.5,2.6,3.2,2.5,2.6,3.2,2.4
314,2.5,3.25,2.6,2.45,3.15,2.65,2.3,3.1,2.6,2.4,3.25,2.5,,,,2.6,3.1,2.6,2.5,3.25,2.75,2.4,3.25,2.62,2.45,3.2,2.7,2.38,3.2,2.62
315,1.5,3.75,6.5,1.5,3.65,6.3,1.45,3.8,5.4,1.5,3.4,6,,,,1.44,3.8,7,1.5,3.8,7,1.44,3.75,6.5,1.5,3.75,6.5,1.53,3.6,5.5
316,2.5,3.4,2.7,2.3,3.15,2.8,2.3,3.1,2.6,2.25,3.2,2.75,,,,2.4,3.2,2.75,2.5,3.3,2.7,2.38,3.25,2.62,2.35,3.3,2.75,2.38,3.2,2.62
317,1.85,3.5,4.2,1.75,3.45,4.1,1.75,3.2,4,1.9,3.25,3.4,,,,1.8,3.25,4.33,1.83,3.4,4.33,1.83,3.3,4,1.8,3.4,4.2,1.83,3.3,3.8
318,1.91,3.3,4.2,1.9,3.25,3.75,1.9,3.2,3.4,1.8,3.3,3.75,,,,1.95,3.2,3.75,1.95,3.25,4,1.85,3.3,3.75,1.95,3.25,3.75,1.91,3.25,3.6
319,3.1,3.4,2.25,2.8,3.3,2.25,3,3.1,2.1,2.75,3.2,2.25,,,,3.2,3.3,2.1,3.2,3.3,2.2,2.8,3.25,2.25,3,3.25,2.2,2.88,3.2,2.2
320,1.73,3.5,5,1.75,3.5,4.1,1.8,3.2,3.7,1.8,3.3,3.75,,,,1.83,3.2,4.2,1.8,3.4,4.5,1.73,3.4,4.33,1.75,3.4,4.5,1.75,3.3,4.2
321,1.7,3.4,4.75,1.75,3.35,4.15,1.6,3.4,4.6,1.62,3.5,4.5,,,,1.67,3.4,5,1.73,3.5,4.75,1.7,3.5,4,1.6,3.5,5.25,1.67,3.4,4.75
322,1.29,5,9,1.26,5,9.1,1.27,4.5,9,1.25,4.75,8.5,,,,1.29,4.5,10.5,1.27,5.25,11,1.25,5,9,1.25,5,10,1.25,5,9
323,1.85,3.3,4,1.95,3.25,3.4,1.7,3.3,4,1.83,3.2,3.75,,,,1.91,3.25,3.75,1.83,3.4,4.33,1.75,3.4,4.33,1.83,3.3,4,1.83,3.3,3.8
324,1.91,3.3,3.8,1.95,3.25,3.55,2.1,3.2,2.9,1.91,3.25,3.4,,,,2,3.3,3.4,2.05,3.3,3.6,1.9,3.3,3.6,2.05,3.25,3.3,2,3.25,3.3
325,2.1,3.2,3.3,2.15,3.15,3.15,2.2,3.2,2.75,2,3.2,3.2,,,,2.05,3.25,3.3,2.1,3.3,3.4,2,3.25,3.4,2.1,3.2,3.2,2.05,3.25,3.2
326,1.67,3.4,5,1.66,3.45,4.75,1.8,3.3,3.6,1.67,3.3,4.5,,,,1.8,3.2,4.5,1.67,3.5,5.5,1.62,3.4,5,1.7,3.4,4.6,1.7,3.3,4.5
327,5.5,3.5,1.6,5.5,3.5,1.55,4.4,3.5,1.6,5,3.3,1.62,,,,5,3.6,1.62,5.5,3.4,1.67,5.5,3.4,1.6,5,3.4,1.65,4.75,3.4,1.67
328,1.5,4,7,1.46,4,6,1.4,3.9,6,1.44,3.75,6,,,,1.44,4,6.5,1.5,4,6.5,1.44,3.75,6.5,1.4,4,7.5,1.44,3.75,6.5
329,3.25,3.3,2.2,2.9,3.2,2.25,2.5,3.2,2.3,2.88,3.3,2.1,,,,2.8,3.4,2.25,3.4,3.3,2.1,2.9,3.2,2.2,3,3.25,2.2,2.8,3.2,2.25
330,2.25,3.3,3.2,2.15,3.15,3.15,2.2,3.2,2.75,2,3.2,3.2,,,,2.25,3.4,2.8,2.2,3.25,3.25,2.1,3.2,3.2,2.15,3.2,3.1,2.3,3.2,2.75
331,1.83,3.6,4.2,1.9,3.3,3.65,1.7,3.3,4,1.83,3.3,3.6,,,,1.8,3.25,4.33,1.83,3.3,4.5,1.8,3.3,4,1.85,3.3,3.9,1.8,3.3,4
332,2.4,3.3,2.9,2.4,3.15,2.7,2.4,3.2,2.4,2.4,3.25,2.5,,,,2.5,3.2,2.62,2.5,3.2,2.75,2.3,3.25,2.75,2.35,3.2,2.75,2.3,3.2,2.75
333,3.4,3.4,2.1,3.3,3.35,2,3.5,3.4,1.8,3.2,3.2,2,,,,3.5,3.25,2,3.8,3.25,2,3.5,3.25,1.9,3.75,3.25,1.9,3.4,3.2,2
334,7,4.33,1.44,5.95,3.7,1.5,4.8,3.5,1.55,6,3.75,1.44,,,,6.5,4,1.44,7,3.8,1.5,6.5,3.75,1.44,6,3.75,1.5,6,4,1.44
335,1.25,5.25,12,1.25,5,9.55,1.25,4.5,9,1.22,5,9,,,,1.25,5,10,1.25,5.5,11,1.25,5,10,1.25,5,10,1.25,5,9
336,1.29,5,11,1.22,5.5,9.75,1.25,4.5,9,1.2,5,11,,,,1.22,5.3,11,1.27,5.5,10,1.25,5,10,1.25,5,10,1.25,5,9
337,1.73,3.6,4.75,1.75,3.4,4.2,1.8,3.2,3.7,1.66,3.4,4.33,,,,1.8,3.4,4,1.8,3.4,4.5,1.7,3.4,4.5,1.75,3.4,4.25,1.8,3.3,4
338,1.73,3.5,4.33,1.7,3.4,4.5,1.7,3.3,4,1.61,3.5,4.5,,,,1.7,3.5,4.5,1.65,3.5,5.5,1.62,3.4,5,1.67,3.4,4.75,1.67,3.5,4.5
339,1.7,3.6,5,1.75,3.4,4.2,1.7,3.3,4,1.72,3.4,4,,,,1.8,3.4,4,1.75,3.45,4.75,1.7,3.4,4.5,1.75,3.4,4.25,1.73,3.4,4.2
340,2.5,3.25,2.8,2.45,3.25,2.6,2.4,3.2,2.4,2.25,3.3,2.62,,,,2.5,3.2,2.6,2.63,3.2,2.63,2.4,3.2,2.7,2.5,3.2,2.6,2.5,3.2,2.5
341,1.4,4.33,8,1.45,3.75,6.75,1.5,3.7,5,1.44,3.6,6.5,,,,1.45,3.9,6.5,1.45,4,7.5,1.44,3.8,6.5,1.45,3.75,7,1.4,4,7
342,2.2,3.3,3.25,2.1,3.2,3.2,2.2,3.1,2.8,2.2,3.25,2.75,,,,2.1,3.2,3.25,2.2,3.25,3.2,2.2,3.2,3,2.15,3.2,3.1,2.25,3.2,2.8
343,3.4,3.4,2.1,3.2,3.3,2.05,3.1,3.2,2,3.2,3.2,2,,,,3.75,3.25,1.91,3.75,3.3,2,3.4,3.25,2,3.3,3.2,2.05,3.4,3.2,2
344,3,3.4,2.3,2.8,3.2,2.3,2.5,3.2,2.4,2.6,3.2,2.38,,,,2.9,3.2,2.3,3,3.3,2.3,2.9,3.25,2.25,2.8,3.2,2.3,2.75,3.2,2.3
345,2.1,3.4,3.4,2.05,3.25,3.25,1.9,3.3,3.3,2,3.2,3.2,,,,2.05,3.2,3.4,2.15,3.25,3.4,2,3.25,3.4,2.1,3.2,3.2,2.1,3.2,3.1
346,2,3.4,3.75,2,3.25,3.4,2,3.2,3.1,2,3.2,3.2,,,,1.95,3.3,3.6,2,3.25,3.8,1.9,3.25,3.6,1.95,3.3,3.5,2,3.2,3.4
347,3.75,3.6,1.91,3.5,3.3,1.95,3.2,3.1,2,3.4,3.25,1.91,,,,3.6,3.3,1.95,4,3.4,1.9,3.6,3.25,1.9,3.5,3.3,1.95,3.5,3.3,1.91
348,1.6,3.75,5.75,1.55,3.65,5.5,1.55,3.5,4.8,1.57,3.5,5,,,,1.57,3.6,5.5,1.55,3.7,6.5,1.57,3.5,5.5,1.57,3.5,5.5,1.53,3.6,5.5
349,1.5,4.2,6.25,1.55,3.5,5.8,1.5,3.7,5,1.53,3.5,5.5,,,,1.57,3.6,5.5,1.55,3.75,6.5,1.53,3.6,6,1.5,3.75,5.75,1.53,3.6,5.5
350,1.17,7,15,1.15,6.5,12.5,1.2,5,10,1.17,5.5,12,,,,1.14,6.5,15,1.15,7.5,15,1.18,6,11,1.15,6.5,13,1.14,6.5,13
351,2.5,3.25,2.8,2.4,3.3,2.6,2.5,3.2,2.4,2.5,3.2,2.5,,,,2.5,3.1,2.7,2.5,3.25,2.75,2.5,3.1,2.6,2.5,3.2,2.6,2.5,3.2,2.5
352,1.8,3.6,4.33,1.75,3.35,4.3,1.75,3.3,3.9,1.73,3.4,4,,,,1.7,3.5,4.5,1.8,3.4,4.5,1.7,3.4,4.5,1.75,3.4,4.25,1.8,3.3,4
353,2.9,3.3,2.4,3,3.2,2.2,2.45,3.2,2.45,2.75,3.2,2.25,,,,2.9,3.25,2.25,2.8,3.4,2.4,2.8,3.25,2.25,2.8,3.25,2.3,2.62,3.2,2.38
354,2.9,3.3,2.4,2.65,3.25,2.4,2.4,3.3,2.4,2.5,3.25,2.4,,,,2.6,3.2,2.5,2.88,3.3,2.4,2.7,3.2,2.4,2.65,3.25,2.4,2.62,3.2,2.38
355,2.1,3.3,3.5,2,3.3,3.35,1.9,3.3,3.3,1.91,3.25,3.4,,,,1.95,3.3,3.6,2.1,3.3,3.5,2,3.2,3.4,2,3.25,3.4,2,3.25,3.3
356,1.3,5,10,1.3,4.65,8.5,1.3,4.2,8,1.25,5,8,,,,1.33,4.33,9,1.3,5,10,1.29,4.5,9.5,1.3,4.5,9,1.29,4.75,8
357,1.25,5.75,11,1.25,5.2,9,1.25,4.5,9,1.25,4.75,8.5,,,,1.25,5,11,1.25,5.75,11,1.25,5,10,1.25,5,10,1.25,5,9
358,5,3.5,1.73,4.9,3.4,1.65,4,3.3,1.7,5,3.5,1.57,,,,4.8,3.5,1.67,4.75,3.5,1.75,4.33,3.3,1.75,4.5,3.4,1.7,4.33,3.4,1.7
359,1.62,3.6,5.75,1.6,3.45,5.3,1.6,3.5,4.4,1.57,3.5,5,,,,1.57,3.6,5.5,1.62,3.6,5.75,1.57,3.5,5.5,1.57,3.5,5.5,1.53,3.6,5.5
360,1.62,3.6,5.75,1.6,3.45,5.3,1.6,3.5,4.4,1.57,3.5,5,,,,1.62,3.4,5.5,1.57,3.75,6,1.57,3.5,5.5,1.57,3.5,5.5,1.53,3.6,5.5
361,2.05,3.3,3.6,2,3.1,3.55,2.1,3.2,2.9,2,3.2,3.2,,,,1.95,3.3,3.6,2.15,3.25,3.4,2.1,3.25,3.1,2.1,3.2,3.2,2.05,3.2,3.2
362,1.36,4.75,8,1.35,4.5,7.25,1.35,4,7,1.3,4,9,,,,1.3,4.5,9.5,1.33,4.75,9.5,1.3,4.5,8.5,1.3,4.5,9,1.3,4.5,8.5
363,1.95,3.3,4,1.85,3.25,3.95,1.65,3.4,4.2,1.72,3.2,4.33,,,,1.7,3.2,4.5,1.83,3.5,4.33,1.85,3.3,3.75,1.83,3.5,3.75,1.91,3.3,3.5
364,1.85,3.5,4.2,1.95,3.25,3.55,1.85,3.3,3.4,1.8,3.3,3.75,,,,1.95,3.3,3.6,1.91,3.4,4,1.85,3.3,3.75,1.85,3.4,3.75,1.83,3.4,3.75
365,2.3,3.3,3.1,2.25,3.3,2.8,2.1,3.2,2.9,2.1,3.2,3,,,,2.2,3.25,3,2.25,3.3,3.1,2.25,3.25,2.8,2.2,3.25,2.9,2.3,3.2,2.75
366,5.25,3.6,1.67,4.8,3.45,1.65,4.4,3.5,1.6,4.33,3.4,1.66,,,,4.8,3.3,1.7,5,3.5,1.73,4.5,3.4,1.67,4.33,3.5,1.7,4.5,3.5,1.67
367,4.75,3.6,1.73,4.8,3.45,1.65,4,3.3,1.7,4.33,3.4,1.66,,,,4.5,3.4,1.73,4.5,3.5,1.8,4,3.3,1.8,4,3.5,1.77,4.33,3.3,1.73
368,2.5,3.3,2.75,2.35,3.25,2.7,2.3,3.2,2.5,2.37,3.2,2.6,,,,2.6,3.1,2.6,2.5,3.3,2.75,2.4,3.25,2.6,2.4,3.3,2.6,2.4,3.2,2.6
369,2.9,3.3,2.4,2.75,3.1,2.4,2.5,3.2,2.3,2.75,3.25,2.2,,,,2.75,3.2,2.37,2.9,3.35,2.4,2.75,3.25,2.3,2.8,3.2,2.35,2.62,3.2,2.38
370,1.36,4.5,9,1.36,4.25,7.5,1.3,4.2,8,1.33,4,8,,,,1.36,4.2,8,1.36,4.5,9,1.3,4.75,9,1.35,4.25,8,1.33,4.5,7.5
371,1.25,5.5,12,1.2,5.6,11,1.25,4.5,9,1.2,5,11,,,,1.22,5,13,1.22,6,12,1.22,5.5,11,1.2,5.5,11,1.25,5,9
372,2.25,3.3,3.2,2.1,3.1,3.3,2.2,3.1,2.8,2.2,3.2,2.8,,,,2.15,3.25,3.1,2.3,3.3,3,2.2,3.2,3,2.2,3.2,3,2.25,3.2,2.8
373,1.73,3.6,4.75,1.65,3.4,4.9,1.7,3.3,4,1.66,3.3,4.5,,,,1.7,3.5,4.5,1.73,3.6,4.8,1.67,3.6,4.5,1.7,3.4,4.5,1.67,3.5,4.5
374,1.8,3.6,4.33,1.65,3.4,4.9,1.75,3.3,3.9,1.72,3.2,4.33,,,,1.73,3.4,4.5,1.8,3.5,4.6,1.73,3.5,4.33,1.7,3.4,4.5,1.75,3.5,4
375,5,3.6,1.7,5,3.85,1.55,4,3.3,1.7,4.33,3.4,1.67,,,,4.8,3.5,1.67,4.8,3.5,1.75,5,3.6,1.62,4.5,3.4,1.7,4.2,3.4,1.73
376,1.44,4.33,7,1.45,3.75,6.75,1.45,3.8,5.4,1.44,3.6,6.5,,,,1.44,3.8,7,1.45,4,7.5,1.4,4,7.5,1.45,3.75,7,1.4,4,7
377,1.73,3.6,4.75,1.75,3.4,4.25,1.75,3.3,3.8,1.66,3.4,4.33,,,,1.7,3.3,5,1.75,3.6,4.75,1.67,3.6,4.5,1.72,3.4,4.5,1.73,3.4,4.2
378,2.2,3.3,3.25,2.2,3.2,3,2.1,3.2,2.9,2.2,3.2,2.8,,,,2.25,3.2,3,2.3,3.3,3.1,2.1,3.4,3,2.25,3.2,2.9,2.2,3.25,2.88
379,3.5,3.3,2.1,3.45,3.2,2,3.4,3.2,1.9,3.2,3.2,2,,,,3.5,3.2,2,3.6,3.3,2.1,3.4,3.25,2,3.4,3.25,2,3.1,3.25,2.1
380,3.6,3.5,2,3.85,3.3,1.85,3,3.3,2,3.6,3.4,1.8,,,,2.15,3.25,2.05,3.75,3.5,1.95,3.6,3.25,1.91,3.4,3.25,2,3.25,3.25,2
381,2,3.4,3.75,2,3.25,3.45,2.1,3.2,2.9,1.91,3.2,3.5,,,,2.1,3.25,3.2,2,3.3,3.8,1.91,3.25,3.75,2,3.25,3.4,1.91,3.25,3.6
382,2.4,3.25,2.9,2.35,3.15,2.8,2.2,3.1,2.8,2.3,3.3,2.6,,,,2.2,3.3,3,2.38,3.3,3,2.3,3.2,2.88,2.3,3.25,2.8,2.3,3.2,2.75
383,2.5,3.25,2.8,2.5,3.15,2.6,2.3,3.2,2.5,2.5,3.2,2.5,,,,2.5,3.2,2.6,2.55,3.25,2.75,2.38,3,2.88,2.5,3.2,2.6,2.4,3.2,2.6
384,1.5,3.6,7,1.5,3.6,6.4,1.45,3.8,5.4,1.5,3.5,6,,,,1.44,3.75,6,1.53,3.75,6.5,1.5,3.6,6.5,1.55,3.5,6,1.44,3.75,6.5
385,1.3,5,10,1.25,5,10,1.25,4.5,9,1.22,5,10,,,,1.25,5,8,1.25,5.5,12,1.29,5,9,1.25,5,9,1.25,5,9
386,2.1,3.3,3.5,2.1,3.25,3.15,2.3,3.2,2.5,2.2,3.2,2.8,,,,2.1,3.2,3,2.1,3.25,3.5,2.1,3.25,3.2,2.2,3.25,2.9,2.1,3.2,3.1
387,2.2,3.3,3.25,2.25,3.15,2.95,2.3,3.2,2.5,2.1,3.4,2.88,,,,2.3,3.2,2.62,2.1,3.4,3.3,2.1,3.3,3.1,2.25,3.25,2.8,2.1,3.2,3.1
388,1.44,3.75,7.5,1.45,3.8,6.3,1.45,3.8,5.4,1.44,3.75,6,,,,1.44,3.75,6,1.44,4,8,1.44,3.75,7,1.45,3.75,7,1.4,4,7
389,1.75,3.5,4.75,1.75,3.35,4.3,1.6,3.4,4.6,1.73,3.2,4.33,,,,1.73,3.4,4,1.75,3.6,4.5,1.7,3.5,4.33,1.75,3.4,4.25,1.7,3.4,4.33
390,3.6,3.3,2,3.75,3.25,1.9,3.5,3.2,1.85,3.2,3.2,2,,,,3.2,3.2,2,3.4,3.3,2.1,3.6,3.3,1.91,3.4,3.25,2,3.2,3.25,2.05
391,1.44,4.2,7.5,1.45,3.75,6.8,1.45,3.9,5.2,1.36,4,7,,,,1.5,3.8,6,1.45,4,7.5,1.44,3.75,7,1.45,3.75,7,1.4,3.75,7.5
392,1.5,3.9,7,1.4,3.9,7.5,1.45,3.8,5.4,1.36,4,7,,,,1.36,4.2,8,1.45,4,7.5,1.4,4,7.5,1.42,4,7,1.44,3.6,7
393,2.1,3.3,3.5,2.05,3.25,3.25,1.9,3.3,3.3,2.1,3.2,3,,,,2,3.3,3.4,2.2,3.2,3.3,2.05,3.2,3.4,2.05,3.25,3.25,2.1,3.2,3.1
394,1.8,3.5,4.5,1.75,3.35,4.3,1.85,3.3,3.4,1.8,3.3,3.75,,,,1.91,3.4,3.6,1.8,3.6,4.33,1.8,3.4,4,1.85,3.25,4,1.75,3.4,4.2
395,1.75,3.5,4.75,1.8,3.3,4.1,1.8,3.3,3.6,1.72,3.4,4,,,,1.85,3.3,3.8,1.85,3.4,4.25,1.73,3.4,4.5,1.75,3.4,4.2,1.8,3.4,3.8
396,3.1,3.3,2.3,2.85,3.25,2.25,2.5,3.3,2.3,2.75,3.2,2.25,,,,2.87,3.3,2.25,3,3.3,2.38,2.88,3.2,2.3,2.75,3.25,2.35,2.7,3.25,2.3
397,1.73,3.5,4.5,1.75,3.35,4.3,1.75,3.4,3.7,1.83,3.2,3.75,,,,1.75,3.5,4.2,1.83,3.5,4.33,1.83,3.25,4,1.8,3.4,4,1.83,3.3,3.8
398,1.4,4.5,8,1.35,4.3,7.75,1.35,4,7,1.4,3.75,7,,,,1.36,4.33,7.5,1.4,4.5,8,1.4,4,7.5,1.4,4,7.5,1.4,4,7.5
399,1.83,3.6,4.2,1.8,3.4,4,1.9,3.2,3.4,1.8,3.3,3.75,,,,1.91,3.25,3.75,1.85,3.5,4.25,1.83,3.5,3.75,1.85,3.25,4,1.8,3.4,4
400,3.5,3.3,2.1,3.45,3.2,2,3.4,3.2,1.9,3.5,3.2,1.91,,,,3.6,3.4,1.91,3.6,3.4,2.05,3.4,3.2,2,3.2,3.2,2.1,3.4,3.25,2
401,2.9,3.25,2.4,2.85,3.15,2.3,3,3.1,2.1,3.2,3.2,2,,,,3,3.25,2.2,3,3.3,2.3,2.88,3,2.38,2.6,3.2,2.5,2.7,3.25,2.37
402,3.75,3.4,2,3.35,3.3,2,3.4,3.2,1.9,3,3.2,2.1,,,,3.3,3.3,2.05,3.75,3.4,2,3.6,3.25,1.95,3.6,3.2,1.95,3.5,3.4,1.91
403,2.5,3.3,2.75,2.3,3.25,2.8,2.2,3.2,2.7,2.1,3.2,3,,,,2.25,3.3,2.88,2.4,3.25,2.88,2.5,3.25,2.5,2.5,3.2,2.6,2.37,3.25,2.7
404,5,3.75,1.67,5.1,3.55,1.6,4.4,3.3,1.65,4.33,3.4,1.67,,,,4.5,3.5,1.7,5,3.75,1.67,4.75,3.75,1.62,4.5,3.6,1.67,5,3.6,1.61
405,1.44,4.5,7,1.35,4.4,7.5,1.4,3.9,6,1.33,4,8,,,,1.36,4.2,8,1.4,4.5,8,1.36,4.33,7.5,1.35,4.33,7.5,1.33,4.33,7.5
406,3,3.25,2.38,2.75,3.1,2.4,2.45,3.1,2.45,2.6,3.2,2.37,,,,2.7,3.2,2.4,3,3.25,2.4,3,3,2.3,2.7,3.2,2.4,2.88,3.2,2.2
407,2.15,3.25,3.4,1.95,3.3,3.3,2.1,3.2,2.9,2,3.2,3.2,,,,2.15,3.1,3.3,2.1,3.3,3.5,2.1,3.2,3.25,2.05,3.2,3.4,2.1,3.2,3.1
408,2.8,3.25,2.5,2.4,3.3,2.65,2.4,3.2,2.4,2.5,3.1,2.5,,,,2.7,3.2,2.4,2.75,3.3,2.5,2.75,3.2,2.38,2.6,3.2,2.5,2.5,3.2,2.5
409,1.5,4,7,1.4,3.9,7.5,1.5,3.7,5,1.4,3.75,7,,,,1.44,3.75,7.5,1.44,4.33,7.5,1.4,4.33,6.5,1.42,4,7,1.44,4,6
410,2.8,3.25,2.5,2.8,3.15,2.35,2.4,3.2,2.4,2.5,3.2,2.4,,,,2.7,3.2,2.4,2.8,3.3,2.45,2.75,3.25,2.38,2.7,3.25,2.4,2.62,3.2,2.4
411,1.7,3.6,5,1.65,3.4,4.9,1.7,3.4,3.8,1.66,3.3,4.5,,,,1.7,3.5,4.5,1.7,3.6,5,1.67,3.5,4.75,1.7,3.5,4.5,1.67,3.5,4.5
412,2.88,3.3,2.3,3.3,3.2,2.05,3,3.3,2,2.8,3.2,2.2,,,,3.1,3.2,2.2,3.1,3.25,2.33,3.2,3,2.2,3.2,3.1,2.15,3.1,3.2,2.1
413,1.73,3.6,4.33,1.85,3.3,3.85,1.75,3.3,3.9,1.73,3.4,4,,,,1.8,3.3,4.2,1.83,3.4,4.33,1.8,3.4,4,1.8,3.4,4,1.8,3.3,4
414,1.91,3.4,3.75,1.8,3.3,4.1,1.8,3.3,3.5,1.83,3.2,3.75,,,,1.8,3.4,4,1.91,3.4,4.2,1.91,3.2,3.75,1.85,3.4,3.75,1.83,3.3,3.8
415,1.53,3.75,6,1.6,3.6,5,1.65,3.4,4.2,1.57,3.5,5,,,,1.67,3.4,5,1.6,3.6,6,1.53,3.6,6,1.6,3.4,5.5,1.62,3.4,5
416,2.6,3.25,2.5,2.45,3.15,2.65,2.3,3.2,2.5,2.38,3.2,2.6,,,,2.5,3.1,2.7,2.63,3.25,2.63,2.5,3,2.75,2.5,3.1,2.65,2.5,3.1,2.6
417,3,3.3,2.2,3.1,3.3,2.1,2.85,3.3,2.1,2.62,3.3,2.25,,,,3.3,3.2,2.1,3.2,3.3,2.25,3,3.2,2.2,3,3.2,2.2,2.62,3.2,2.38
418,3.4,3.4,2,3.5,3.3,1.95,2.9,3.2,2.1,2.88,3.3,2.1,,,,3.1,3.3,2.15,3.5,3.3,2.1,3.4,3.2,2.05,3.2,3.2,2.1,3,3.2,2.15
419,1.67,3.6,5.25,1.6,3.45,5.3,1.7,3.3,4,1.61,3.5,4.5,,,,1.61,3.6,5,1.67,3.6,5.5,1.62,3.6,5,1.65,3.5,4.75,1.7,3.4,4.33
420,2.2,3.25,3.25,2.1,3.25,3.15,2,3.2,3.1,2,3.2,3.2,,,,2,3.2,3.5,2.2,3.3,3.25,2.1,3.2,3.25,2.05,3.2,3.3,2,3.25,3.3
421,2.4,3.2,3,2.15,3.2,3.1,2,3.2,3.1,2.2,3.2,2.8,,,,2.2,3.2,3.1,2.2,3.2,3.3,2.25,3,3.2,2.2,3.2,3,,,
422,1.67,3.75,5,1.7,3.45,4.45,1.65,3.4,4.2,1.61,3.25,5,,,,1.7,3.5,4.5,1.7,3.7,5,1.62,3.75,4.75,1.67,3.4,4.75,1.67,3.5,4.5
423,2.25,3.4,3.1,2.2,3.2,3,2.3,3.3,2.5,2.1,3.2,3,,,,2.15,3.25,3.1,2.3,3.25,3.1,2.2,3.2,3,2.15,3.2,3.1,2.15,3.2,3
424,3.75,3.4,1.91,3.75,3.4,1.85,3.9,3.3,1.75,4,3.4,1.73,,,,4.33,3.4,1.75,4.2,3.4,1.91,4.33,3.2,1.8,4,3.4,1.8,3.8,3.3,1.83
425,4.5,3.5,1.8,4.5,3.45,1.7,3.6,3.3,1.8,3.75,3.3,1.8,,,,4.5,3.4,1.73,4.5,3.5,1.8,4.33,3.5,1.73,4,3.4,1.8,4,3.4,1.8
426,1.22,5.75,13,1.2,5.6,11,1.2,5,10,1.22,5,10,,,,1.22,5.5,11,1.22,6,13,1.2,5.5,12,1.25,5.5,8.5,1.22,5,11
427,2.4,3.4,2.8,2.55,3.1,2.6,2.45,3.1,2.45,2.5,3.2,2.5,,,,2.5,3.2,2.62,2.5,3.3,2.8,2.38,3.2,2.75,2.5,3.2,2.6,2.5,3.2,2.5
428,2.8,3.4,2.4,2.8,3.2,2.3,2.8,3.1,2.2,2.6,3.2,2.38,,,,2.9,3.25,2.25,3,3.3,2.38,2.75,3.2,2.38,2.8,3.2,2.3,2.62,3.2,2.4
429,1.65,3.75,5.25,1.7,3.35,4.6,1.6,3.4,4.6,1.62,3.5,4.5,,,,1.61,3.4,5.5,1.67,3.5,5.5,1.67,3.5,4.75,1.7,3.4,4.5,1.57,3.6,5
430,2.25,3.3,3.2,2.25,3.2,2.9,2.4,3.1,2.5,2.2,3.3,2.7,,,,2.2,3.25,3,2.25,3.3,3.2,2.2,3,3.2,2.3,3.25,2.75,2.1,3.2,3.1
431,2,3.4,3.7,2,3.1,3.4,1.8,3.2,3.7,1.73,3.4,4,,,,1.91,3.3,3.75,1.95,3.3,4,1.95,3.2,3.75,1.9,3.4,3.6,2,3.2,3.4
432,2.3,3.4,3,2.4,3.1,2.75,2.3,3.1,2.6,2.38,3.2,2.6,,,,2.3,3.25,2.8,2.4,3.3,2.88,2.3,3.2,2.88,2.3,3.25,2.75,2.3,3.2,2.75
433,1.44,4.33,7,1.45,3.7,6.95,1.45,3.9,5.2,1.4,3.75,7,,,,1.5,3.6,6.5,1.5,3.8,7.5,1.4,4,7.5,1.45,3.75,7,1.44,3.75,6.5
434,6.5,4,1.5,6,4.1,1.45,5,3.7,1.5,5.5,3.6,1.5,,,,6.5,3.75,1.5,7,4,1.5,6.5,4,1.44,6,3.75,1.5,5.5,3.8,1.5
435,2.1,3.4,3.4,2.05,3.3,3.25,2,3.2,3.1,1.91,3.2,3.5,,,,2.1,3.2,3.3,2,3.4,3.8,2,3.2,3.5,1.9,3.25,3.75,2,3.2,3.4
436,2.38,3.25,3,2.45,3.15,2.65,2.4,3.2,2.4,2.25,3.3,2.62,,,,2.4,3.2,2.75,2.5,3.2,2.88,2.3,3.2,2.88,2.4,3.2,2.7,2.38,3.2,2.62
437,2.75,3.3,2.5,2.55,3.3,2.45,2.5,3.1,2.4,2.5,3.2,2.5,,,,2.6,3.1,2.6,2.75,3.3,2.55,2.75,3.2,2.38,2.6,3.2,2.5,2.6,3.1,2.5
438,2.63,3.25,2.7,2.6,3.1,2.55,2.4,3.2,2.4,2.5,3.3,2.38,,,,2.7,3.25,2.4,2.7,3.25,2.6,2.62,3,2.62,2.55,3.2,2.55,2.5,3.2,2.5
439,2.35,3.4,2.9,2.3,3.3,2.75,2.45,3.1,2.45,2.25,3.2,2.75,,,,2.38,3.25,2.75,2.4,3.3,2.91,2.25,3.2,2.88,2.3,3.25,2.8,2.4,3.2,2.62
440,2,3.4,3.75,2.05,3.35,3.75,2,3.2,3.1,1.83,3.3,3.6,,,,1.9,3.25,3.75,2,3.4,3.8,1.95,3.2,3.6,1.9,3.25,3.75,2,3.25,3.3
441,1.25,5.25,13,1.2,5.6,11,1.22,4.8,9.5,1.2,5,11,,,,1.22,5.5,10,1.22,6.5,12,1.22,5,13,1.22,5.5,10,1.2,5.5,11
442,1.57,3.8,6,1.45,3.8,7,1.45,3.9,5.2,1.5,3.6,5.5,,,,1.5,3.75,6,1.57,3.6,7,1.5,3.75,6,1.55,3.5,6,1.5,3.6,6
443,1.44,4.2,7.5,1.4,3.9,7.5,1.4,3.9,6,1.4,4,6.5,,,,1.4,4.3,6.5,1.42,4.33,7.5,1.4,4.33,6.5,1.4,4,7.5,1.4,4,7
444,1.62,3.75,5.5,1.6,3.5,5,1.55,3.5,4.8,1.5,3.4,6,,,,1.55,3.6,5.5,1.62,3.6,6,1.53,3.6,6,1.6,3.4,5.5,1.62,3.5,5
445,2.25,3.4,3.1,2.25,3.25,2.85,2.1,3.2,2.9,2.1,3.2,3,,,,2.15,3.3,3,2.38,3.25,3,2.2,3.2,3,2.2,3.2,3,2.3,3.2,2.75
446,2.1,3.4,3.4,1.95,3.3,3.5,2.1,3.3,2.8,1.91,3.2,3.5,,,,1.95,3.25,3.6,2.1,3.3,3.5,2.05,3.2,3.4,2.05,3.25,3.3,2.05,3.2,3.2
447,3.75,3.4,2,3.55,3.25,1.95,3.1,3.2,2,3.2,3.2,2,,,,3.25,3.3,2.05,3.8,3.3,2,3.75,3.25,1.91,3.5,3.3,1.95,3.4,3.2,2
448,2.9,3.3,2.4,2.7,3.25,2.35,2.8,3.1,2.2,2.75,3.2,2.25,,,,2.9,3.25,2.25,2.88,3.3,2.4,2.88,3,2.38,2.7,3.2,2.4,2.75,3.2,2.3
449,2.5,3.25,2.8,2.4,3.3,2.6,2.4,3.1,2.5,2.62,3.25,2.3,,,,2.62,3.2,2.5,2.63,3.25,2.63,2.5,3.2,2.62,2.45,3.25,2.6,2.5,3.2,2.5
450,2,3.4,3.75,2.05,3.2,3.3,2,3.2,3.1,2.1,3.2,3,,,,2.15,3.2,3.2,2.05,3.3,3.7,1.95,3.2,3.6,2,3.25,3.4,2,3.25,3.3
451,2.15,3.3,3.4,2.15,3.25,3.05,2.2,3.1,2.8,2.1,3.2,3,,,,2.2,3.2,3.1,2.2,3.3,3.25,2.05,3.2,3.25,2.1,3.2,3.2,2.15,3.25,3
452,8,4.5,1.4,7.25,4,1.4,6,3.9,1.4,7,3.75,1.4,,,,7.5,4.33,1.36,8.5,4.5,1.4,7.5,4,1.4,7,4.1,1.4,7,4,1.4
453,3,3.4,2.3,2.8,3.2,2.3,2.6,3.1,2.3,2.75,3.2,2.25,,,,2.7,3.25,2.4,3,3.3,2.38,3,3.2,2.25,2.8,3.25,2.3,2.75,3.2,2.3
454,1.3,5,10,1.25,5.2,9,1.3,4.2,8,1.2,5.5,9,,,,1.25,5.1,10,1.27,5.5,10,1.3,4.75,9,1.27,5,9,1.33,4.33,8.5
455,1.4,4.5,8,1.35,4.4,7.5,1.4,3.9,6,1.33,4.33,7,,,,1.33,4.33,8.5,1.36,4.5,8.5,1.4,4,7.5,1.38,4.25,7,1.4,4,7.5
456,2.2,3.25,3.3,2.1,3.25,3.15,2.2,3.1,2.8,1.9,3.2,3.5,,,,2.1,3.25,3.2,2.15,3.25,3.3,2.1,3.2,3.25,2.15,3.2,3.1,2.2,3.25,3
457,2.5,3.2,2.88,2.55,3.15,2.55,2.45,3.1,2.45,2.37,3.3,2.5,,,,2.6,3.1,2.6,2.63,3.25,2.7,2.5,3,2.75,2.5,3.2,2.6,2.5,3.2,2.6
458,1.53,3.8,6.5,1.5,3.7,6,1.5,3.7,5,1.44,3.75,6,,,,1.5,3.8,6,1.5,3.8,7,1.44,3.75,7,1.5,3.75,6,1.5,3.75,6
459,1.85,3.5,4.2,1.8,3.25,4.05,1.8,3.2,3.7,1.66,3.5,4.2,,,,1.8,3.25,4.33,1.83,3.4,4.33,1.83,3.25,4,1.8,3.25,4.25,2,3.25,3.4
460,2.5,3.25,2.8,2.2,3.2,3,2.4,3.1,2.5,2.25,3.3,2.62,,,,2.2,3.3,3,2.38,3.3,2.88,2.38,3,2.88,2.3,3.1,2.9,2.2,3.25,3
461,1.29,5.5,10,1.23,5,11,1.25,4.5,9,1.25,4.5,10,,,,1.18,5.5,10,1.22,5.5,10,1.3,4.5,9,1.22,5.5,10,1.25,5.5,8
462,2.5,3.4,2.7,2.3,3.2,2.8,2.2,3.2,2.75,2.2,3.25,2.75,,,,2.2,3.1,2.9,2.3,3.25,2.8,2.4,3.25,2.6,2.35,3.25,2.7,2.4,3.2,2.6
463,2.5,3.3,2.75,2.35,3.2,2.75,2.3,3.2,2.5,2.2,3.2,2.8,,,,2.15,3.2,2.9,2.3,3.25,2.8,2.4,3.25,2.6,2.4,3.2,2.7,2.4,3.2,2.6
464,2.4,3.4,2.8,2.35,3.25,2.7,2.3,3.2,2.5,2.4,3.25,2.5,,,,2.3,3.2,2.62,2.3,3.3,2.75,2.3,3.25,2.7,2.3,3.2,2.8,2.3,3.2,2.75
465,1.83,3.5,4.33,1.75,3.35,4.3,1.75,3.3,3.9,1.62,3.5,4.5,,,,1.62,3.5,4.5,1.73,3.3,4.5,1.85,3.3,3.75,1.85,3.3,3.9,1.8,3.3,4
466,2.9,3.3,2.4,3,3.2,2.2,2.9,3.2,2.1,2.75,3.25,2.2,,,,3,3.2,2.1,3,3.3,2.15,2.62,3.25,2.38,2.8,3.2,2.3,2.75,3.2,2.3
467,7,4,1.5,6.5,3.5,1.5,4.8,3.5,1.55,6,3.75,1.44,,,,5.5,3.4,1.53,7,4,1.4,6,3.5,1.5,6.5,3.6,1.5,6,3.5,1.53
468,1.85,3.6,4,1.8,3.35,4,1.9,3.1,3.5,1.8,3.5,3.5,,,,1.8,3.4,4,1.88,3.5,4,1.8,3.4,4,1.8,3.4,4,1.91,3.3,3.5
469,2.2,3.4,3.2,2,3.25,3.45,2.2,3,2.9,2,3.2,3.2,,,,2.1,3.25,3.25,2.2,3.4,3.2,2.05,3.2,3.4,2.15,3.2,3.1,2.25,3.2,2.8
470,2.25,3.4,3.1,2.3,3.2,2.85,2.3,3,2.7,2.2,3.2,2.8,,,,2.2,3,3.3,2.3,3.3,3.1,2.2,3.25,3,2.25,3.2,2.9,2.25,3.2,2.8
471,6,3.8,1.57,6.8,3.75,1.45,5.4,3.8,1.45,5.5,3.4,1.53,,,,6.5,3.6,1.5,7,3.8,1.5,6,3.75,1.5,6,3.75,1.5,5.5,3.8,1.5
472,2.9,3.4,2.38,2.75,3.25,2.3,2.5,3,2.5,2.62,3.3,2.25,,,,2.5,3.25,2.6,2.8,3.4,2.4,2.75,3.2,2.38,2.6,3.2,2.5,2.5,3.1,2.6
473,1.85,3.5,4,2,3.3,3.35,2,3.1,3.2,1.8,3.5,3.5,,,,2,3.2,3.5,2,3.3,3.8,1.83,3.4,3.75,2,3.25,3.4,2,3.2,3.3
474,4.33,3.5,1.83,4.3,3.35,1.75,4,3.2,1.75,3.75,3.3,1.8,,,,4.33,3.3,1.8,4.5,3.5,1.8,4,3.4,1.8,4.25,3.4,1.75,3.8,3.3,1.83
475,1.33,4.5,8.5,1.4,4,7.5,1.3,4.2,8,1.33,4,8,,,,1.33,4,8,1.33,4.8,8.5,1.33,4.5,7.5,1.35,4.5,7.5,1.29,4.5,9
476,1.25,5.5,12,1.3,4.85,8,1.3,4.2,8,1.25,5,8,,,,1.25,4.5,10,1.27,5.5,10,1.25,4.5,11,1.25,5,10,1.25,5,9
477,1.83,3.4,4.2,1.8,3.4,3.95,1.9,3.2,3.4,1.8,3.3,3.75,,,,1.83,3.3,3.75,1.9,3.4,4,1.85,3.3,3.75,1.85,3.4,3.75,1.83,3.3,3.8
478,3.75,3.25,1.91,4.15,3.3,1.8,3.4,3.2,1.9,3.4,3.25,1.91,,,,3.5,3.2,1.91,4.2,3.4,1.85,3.75,3.3,1.85,4,3.25,1.85,3.8,3.3,1.83
479,1.5,3.8,6.5,1.5,3.75,5.9,1.5,3.7,5,1.5,3.5,6,,,,1.6,3.5,4.8,1.53,3.8,6.5,1.57,3.5,5.5,1.53,3.75,5.5,1.53,3.6,5.5
480,2.75,3.1,2.5,2.5,3,2.7,2.4,3.2,2.4,2.5,3.25,2.4,,,,2.4,3.1,2.6,2.6,3.3,2.6,2.4,3.25,2.6,2.5,3.15,2.6,2.5,3.2,2.5
481,1.85,3.4,4,1.85,3.4,3.8,1.9,3.1,3.5,1.8,3.3,3.75,,,,1.91,3.1,3.75,1.91,3.3,4,1.8,3.3,4,1.8,3.4,4,1.83,3.4,3.75
482,2.1,3.25,3.3,2,3.2,3.5,2,3.2,3.1,2,3.2,3.2,,,,1.83,3.2,3.75,2,3.25,3.75,1.91,3.3,3.6,1.95,3.2,3.6,2.1,3.2,3.1
483,1.75,3.5,4.33,1.8,3.4,3.95,1.7,3.3,4,1.72,3.4,4,,,,1.7,3.3,4.33,1.9,3.4,4,1.8,3.3,4,1.9,3.25,3.75,1.83,3.3,3.8
484,3,3.25,2.25,2.9,3.3,2.2,2.9,3.2,2.1,3.2,3.2,2,,,,2.88,3.1,2.2,3.13,3.3,2.25,3,3.25,2.2,2.75,3.25,2.3,2.88,3.2,2.2
485,4.2,3.4,1.8,4.3,3.35,1.75,3.7,3.2,1.8,3.6,3.3,1.83,,,,3.5,3.2,1.91,4.5,3.4,1.8,4.5,3.3,1.75,4,3.2,1.85,4,3.3,1.8
486,1.91,3.25,3.75,2,3.2,3.45,1.8,3.2,3.7,1.72,3.4,4,,,,1.8,3.3,3.75,1.9,3.4,4,2,3.25,3.4,1.9,3.25,3.75,1.95,3.3,3.4
487,2.8,3.2,2.38,2.55,3.3,2.45,2.4,3.2,2.4,2.5,3.2,2.5,,,,2.4,3.1,2.6,2.75,3.25,2.5,2.6,3.2,2.5,2.5,3.25,2.5,2.6,3.2,2.4
488,2.5,3.25,2.8,2.45,3.25,2.6,2.3,3.2,2.5,2.37,3.2,2.6,,,,2.3,3.2,2.62,2.6,3.4,2.55,2.5,3.25,2.5,2.5,3.25,2.5,2.5,3.2,2.5
489,1.83,3.5,4.33,1.65,3.5,4.8,1.85,3.3,3.4,1.67,3.4,4.33,,,,1.73,3.3,4.2,1.8,3.4,4.5,1.75,3.3,4.33,1.75,3.4,4.2,1.73,3.4,4.2
490,1.36,4.75,8.5,1.3,4.65,8.5,1.4,3.9,6,1.3,4.33,8,,,,1.29,4.5,8,1.36,4.5,8.5,1.3,4.33,9,1.33,4.5,8,1.36,4.2,7
491,4.33,3.6,1.8,4.1,3.3,1.8,3.7,3.2,1.8,4,3.4,1.73,,,,4.5,3.3,1.67,4.33,3.4,1.83,4,3.4,1.8,4.2,3.4,1.75,4.2,3.3,1.75
492,1.67,3.75,5,1.65,3.5,4.8,1.75,3.3,3.9,1.67,3.4,4.33,,,,1.67,3.3,4.5,1.73,3.4,5,1.67,3.4,4.5,1.67,3.4,4.75,1.7,3.4,4.33
493,1.91,3.5,4,1.9,3.4,3.55,2,3.3,3,1.83,3.2,3.75,,,,2,3.2,3.2,1.95,3.25,4,1.9,3.3,3.6,1.95,3.25,3.6,1.91,3.3,3.5
494,1.29,5.25,11,1.25,5,10,1.3,4.2,8,1.29,4.5,8,,,,1.3,4.33,8,1.27,5,12,1.3,4.5,8.5,1.3,4.5,9,1.29,4.75,8
495,1.85,3.4,4.33,1.95,3.2,3.6,2,3.2,3.1,1.83,3.2,3.75,,,,1.83,3.25,3.75,1.9,3.4,4,1.9,3.25,3.6,1.85,3.2,4,1.95,3.25,3.5
496,1.57,3.6,5.5,1.7,3.4,4.5,1.6,3.4,4.6,1.57,3.5,5,,,,1.5,3.5,6,1.73,3.4,5,1.7,3.4,4.33,1.65,3.5,4.75,1.67,3.5,4.5
497,1.7,3.6,5,1.7,3.4,4.5,1.65,3.3,4.4,1.66,3.4,4.33,,,,1.7,3.4,4.2,1.73,3.4,5,1.7,3.3,4.33,1.67,3.5,4.6,1.7,3.4,4.33
498,2.25,3.3,2.88,2.15,3.3,3,2.1,3.2,2.9,2.1,3.2,3,,,,2.1,3.2,3,2.3,3.3,3,2.25,3.25,2.8,2.25,3.25,2.85,2.3,3.2,2.75
499,5,3.4,1.67,5.2,3.5,1.6,4,3.3,1.7,3.75,3.3,1.8,,,,4.33,3.3,1.73,4.5,3.4,1.8,5,3.25,1.7,4.6,3.4,1.7,4.33,3.4,1.7
500,2.38,3.2,2.75,2.45,3.2,2.65,2.3,3.1,2.6,2,3.2,3.2,,,,2.3,3.2,2.7,2.38,3.3,2.88,2.4,3.2,2.6,2.35,3.2,2.75,2.38,3.2,2.62
